1,rescue,volunteers,confirm,assist,harveysos,connect,people,resourc,0dlapdanpp
2,5726,charles,ave,elderly,woman,harveysos
3,labor,trapped,floodwaters,neighbors,formed,human,chain,t70xhiwptp
4,desperate,rescue,1606,lamar,st,orange,tx,1,adult,7yr,child,1,pet,harveysos
5,labor,trapped,floodwaters,neighbors,formed,human,chain,ijzyueyxls
6,people,rescue,port,arthur,3831,woodland,road,1,street,39th,9th,harveyrescue,sosharvey
7,harveysos,ymwu0oknsv
8,3733,platt,ave,port,arthur,77640,1,adult,5,children,0sluxnm5vq
9,people,2,pets,harveysos,6cjzpy4cpy
10,harveysos,3ojm0wlneb
11,rescuers,people,roof,portarthur,harveysos
12,babies,running,milk,diapers,portarthur,harveysos,harveyrescue
13,darlene,johnson,kneedeep,water,night,3225,lake,arthur,drive,legacy,senior,cottages,11101,disabled,walk
14,evacuee,kingwood,bible,church,family,reply,harveysos,harveyhelpers,cajunnavy
15,guys,found,3,4,animals,missing,findsimba,fuckharvey,5ew18o9oeo
16,boats,manpower,portarthur,harveysos
17,rescue,harveysos,1clrrruzhe
18,request,harveysos,qenzgsuoe3
19,home,crisis,rescue,harveysos,qeyutmgj3i
20,animals,confirm,dispatch,rescue,harveysos,connect,resources,monitore,1k99rfll03
21,cnn,woman,kids,trapped,attic,500,neches,ave,fort,arthur,tx,share,harveyflood
22,live,cnn,woman,kids,trapped,attic,500,neches,ave,fort,arthur,tx,share,harveyflood
23,family,food,water,trapped,2nd,fl,590,neches,ave,port,arthur,tx,harveyrescue
24,cnn,cynthia,harmon,kids,trapped,attic,500,neches,ave,fort,arthur,tx,hurt
25,uscg,harveyrescue,cynthia,harmon,kids,trapped,attic,500,neches,ave,port,arthur,tx,vovdl8wdhg
26,harveysos,harveyrescue,4uz61bhyby
27,crisis,harveysos,connect,resources,monitored,civilian,volunteers,qyr6olouul
28,rescue,harveysos,connect,resources,monitored,civilian,volunteers,god,wi,g1khhfv0cq
29,distress,nursing,home,harveysos,connect,resources,monitored,civilian,voluntee,l5wpkwy2nz
30,animal,lover,rescues,bats,trapped,bridge,hurricane,ajcpuz0dbl,yahoonews
31,children,2,abandoned,children,1724,19th,st,port,arthur,tx,sosharvey,usaf,usarmy,cnn
32,children,2,abandoned,children,1724,19th,st,port,arthur,tx,sosharvey,usaf,usarmy,cnn,rescue,cajunnavy
33,sinking,katy,5th,port,arthur,boater,trouble,sosharvey,sosharvey,coastguard,usarmy,usaf,cnn,chriscuomo
34,1300,joe,lewis,ave,apartment,3003,port,arthur,tx,people,trapped,portarthursos,cajunnavy,portarthur
35,abandoned,children,2,abandoned,children,1724,19th,st,port,arthur,tx,harveyrescue,harveysos,sosharvey
36,harveyrescue,ernestine,james,wade,4918,austin,ave,port,arthur,texas,77640,80,81,age,risin,water,2813805047,harveysos
37,port,arthur,zello,channel,read,tqejip8e3r,harveysos,needrescue,cajunnavy
38,shalexandej,unsolved,vids,asap,ve,trapped,house,wk,bc,episodes
39,hey,gordon,houston,tx,harveyflood,harvey2017,harveyrelief
40,blankets,port,arthur,tx,send,food,blankets,3500,regional,dr,port,arthur,texas,77642
41,katy,fm1463,stalled,car,possibly,people,trapped,inside,kprc,harvey2017,buffalobayou,controlledflooding
42,dog,trapped,3838,braeswood,bl,boat,braeswood,hurricaneharvey2017,houstonflooding
43,dad,family,trap,home,kings,lake,forest,subdivision,12327,haroldson,forest,dr,houston,tx
44,libertyjennusa,trapped,2nd,floor,needrescue
45,dad,family,trap,home,kings,lake,forest,subdivision,12327,haroldson,forest,dr,houston,tx
46,rescue,gervasia,onezine,8802,banting,st,tidwell,carport,roof,3462880774
47,houstonfiredept,elderly,couple,stuck,1,story,waist,deep,water,reamer,hillcroft,braeswood,harvey2017
48,patricia,2,kids,stuck,18219,mayfield,meadow,ln,richmond,tx,77407,rt,hurricaneharvey,houstonfloods
49,potus,maga,fakenews,hurricaneharvey,elderly,women,trapped,nursing,home,mayor,told,stay,home,shame
50,hcso,hcsotexas,rescue,3,people,1,dementia,trapped,615,soft,shadows,77013,calls,911,unanswered,harveystorm
51,yr,mary,short,stuck,attic,6023,pineshade,ln,houston,77008,houstonflood,houstonrescue,harvey2017,hurricaneharvey,houstonpolice
52,3,families,neighbors,2nd,level,kids,sagemount,hcsotexas,nwshouston,uscoastguard,sheriffed,hcso
53,morales,kids,507,elton,st,77034,edgebrook,rt,houstontogether,ejernlssed
54,stuck,dark,colored,purple,senata,call,houstonflood,houwx
55,katy,stuck,flooded,hurricaneharvey
56,2,kids,stuck,18219,mayfield,meadow,ln,richmond,tx,77407,rt,hurricaneharvey,houstonfloods
57,trapped,homes,rising,water,twitter,coordinate,rescues,houstonflood,harvey2017,agblredzid
58,watching,khou,guy,stuck,18wheeler,16ft,water,houstonpolice,rescue,hurricaneharvey
59,power,2,adults,7,kids,trapped,14403,edenglen,drive,houston,tx,77049,hurricaneharvey,houstonflood
60,newborn,12427,york,bend,lane,houston,tx,77044,harveyrescue,sosharvey
61,newborn,12427,york,bend,lane,houston,tx,77044,harveyrescue,sosharvey
62,stranded,newborn,6616,wayne,st,houston,tx,77026,harveyrescue,sosharvey
63,stranded,newborn,6616,wayne,st,houston,tx,77026,harveyrescue,sosharvey
64,handicapped,greatgrandmother,trapped,14638,county,cress,dr,houston,tx,77047,harveyrescue,sosharvey
65,14010,lorne,dr,houston,tx,77049,harveyrescue,sosharvey
66,adults,8,child,rescuing,11800,grant,houston,tx,77429,harveyrescue,sosharvey
67,disabled,child,10,10006,myrtle,field,kane,77044,harveyrescue,sosharvey
68,retweet,sosharvey,soshouston,houstonflood,helphouston,j1bzz1ib7y
69,harveyrelief,grandmother,2,babies,2,flooded,apt,complex,trapped,3643,macgregor,346,3146032,teri
70,harveyrelief,family,attic3,childrencindy,renteria,346,3030734,9002,lake,forest,blvd,houston,77078
71,harveyrelief,family,trapped,flooded,house13824,lake,dr,houston,77049
72,harveyrelief,4,adults,2,yr,boy12022,kona,cay,dr,houston,77044house,flooded
73,harveyrelief,urgent,elderly,parents,trapped,flooded,home11506,faulky,gully,circle77070,contact,281,7823851
74,harveyrelief,urgent,elderly,person,stranded,roofwater,rising9321,oak,knoll,lanehouston,vz2ivazjhl
75,harveyrelief,urgent,elderly,person9202,homewood,lane,houston77078
76,harveyrelief,family,3,kids95555,croftonhouston,77016no,shelter,water
77,harveyrelief,familyflooded,home527,ruby,lane,magnolia,tx,77354
78,harveyrelief,urgent,ill,elderly,couple,6326,tall,willowhouston77088
79,harveyrelief,urgent,777,coolwood,baby,blue,houstonpolice
80,harveyrelief,eliza,832,25742376506,glenmorris,crt,houston77084
81,harveyrelief,urgent,elderly,woman11611,innsbury,btwn,bertrand,hopper,aldine,houston,77093,flooded,home
82,harveyrelief,adult,disable,sickle,cell,anemia,sharon,beverly,10126,valley,club,dr,houston,tx,77078
83,17people,roof,top,ksgj1wgh8r
84,there17,resident,top,building
85,rescue,12730,city,green,trail,houston,tx,77044,harveyrescue,sosharvey
86,stuck,car,12618,fern,forest,houston,tx,77044,harveyrescue,sosharvey
87,harveyrelief,friendswoodcity,uscg,5118,tashkent,friendswood,tx,77546,2,females,1,wheelchair,ca,1xrqlove4l
88,harveyrelief,spreadsheet,commented,edited,add,comment,info,existing,address
89,update,address,6330,bear,canyon,ct,6303,2,adults,4,children,ymphrtwdxq
90,harveysos,harveyrescue,angel,coleman,11806,chetman,dr,houston,tx,77065
91,moved,port,arthur,beaumont,spread,word,rt
92,kevin,miller,tall,tails,animal,rescue,dozens,dogs,trapped,pavilion,exit,69,i10,harveysos
93,harveyrescue,3,adults,1yr,baby,angel,coleman,11806,chetman,dr,houston,tx,77065
94,harveysos,harveyrescue,angel,coleman,11806,chetman,dr,houston,tx,77065
95,iloka,family,4,stranded,plz,rt,harveyrescue,angel,coleman,11806,chetman,dr,houston,tx,77065
96,houstontx,nationalguard,cnn,hurricaneharvey,martnehz,rt,spirit,ministry,uprrstzh7n
97,harveyrescue,resqcenter,zip,code,77339,kingwood,tx,ll,enter,ba4vvevy8c
98,harveysos,harveyrescue,angel,coleman,11806,chetman,dr,houston,tx,77065
99,harveysos,harveyrescue,angel,coleman,11806,chetman,dr,houston,tx,77065
100,harveysos,harveyrescue,angel,coleman,11806,chetman,dr,houston,tx,77065
101,monica952,dropped,twitter,sos,channel,apologies,call
102,family,stranded,houston,3,adults,1yr,baby,angel,coleman,11806,chetman,dr,houston,tx,77065
103,harveyanimals,fb,cajun,navy,ppl,animals,rescue,boat,pls,call,5049750835,mike,5049751753,russell,stalcup
104,harveyanimals,fb,911,apparent,injured,dog,houston,bush,airport,aldine,dogs,1,poor,shape,713,3914605
105,harveyrescue,angel,coleman,11806,chetman,dr,houston,tx,77065
106,kingwood,retirement,home,rescue,boats,reach,harveyrescue,harveysos
107,boxwood,ridge,ln,richmond,tx,77407,harveyflood,harveysos,helpforhouston,harveyrescue,boat,3jdeolexlp
108,sh,99,san,jacinto,bridge,2,ppl,waiting,rescued,houstonfloods,m5kxuic8jq
109,13159,peppergate,lane,houston,tx,lights,low,cell,battery,houstonpolice,texasguard,hpd,hurricaneharvey
110,boat,4610,canford,ct,kingwood,tx,77345,united,harveysos,harveyrescue,cajunnavy
111,aunt,cousin,trapped,hurricaneharvey,kwzf8l7pes
112,medical,attn,12510,thistle,creek,ct,houston,770442,ppltowel,door,harveysos,harveyrescue,houstonrescue,haveyrelief,rt
113,family,elderly,disabled,babiesbtwn,mclean,fite,st,pearland,tx,8324259556,harveysos,houstonrescue,resqcenter
114,linda,eolk1032,devinwoodbaytown,146,elderly,wm,petswater,rising,rapidly,harveysos,harveyrescue,resqcenter
115,crisis,rescue,harveyrescue,harveysos,feeds,monitored,civili,sc6rc38vfi
116,family,harveysos,heiiy2ufnw
117,rescue,harveysos,harveyrescue,ctzg1ctlpa
118,animals,waters,coming,harveysos,harveyrescue,sjilmpz2uq
119,noobs,students,trapped,harveyrescue,harveysos,connect,people,resources,monitored,civ,kaus7lwif8
120,noods,students,trapped,harveyrescue,harveysos,connect,people,resources,manned,civili,dpp5dsfpyy
121,official,call,civilian,boat,call,harveysos,uvbz2uqal9
122,gable,wind,mill,houston,tx,77044,8327662939,9,adults,6,kids,hidden,meadows,neighborhood,harveysos,houstonrescue,resqcenter
123,miller,dozens,dogs,trapped,pavilion,exit,69,i10,harveysos,harveyrescue,harveyrescue
124,distressed,dog,left,harveysos,connect,resources,manned,civilian,volu,xsd5rkjomm
125,family,crisis,pregnant,women,baby,harveysos,connect,resources,manned,h47mj6vvcv
126,crisis,harveysos,harveyrescue,manned,civilian,volunteers,l7edbz1hhw
127,added,harveysos,database
128,added,harveysos,database
129,harveyrescue,added,harveysos,database,brandon
130,canadian,donate,houston,god,bless,harveysos,edfe5b8bwy
131,harveyhurricane
132,brave,women,storm,strangers,storm
133,gas,fill,cajunnavy,word,brave,heroes,bayou,harveysos,tesj1cez91
134,houstonians,dallas,dm,joining,efforts,victims,houstonstrong
135,community,helping,bigger,worry,t7bnpllrqm
136,texasforever,hurricaineharvey
137,slow,stop,rescue,efforts
138,reactors,failed,harveysos,kphzvmwu81
139,tx,grateful,people,helped,stages,angles,evacuation
140,church,heading,people,effected,hurricaneharvey,en8twszyvr
141,list,animal,organizations,rescuing,animals,hurricaneharvey,helpforhouston
142,business,helping,buddyz,hurricaneharvey2017,texasflood,eqod8d991f
143,lakewoodch,harveyhelp,texasstrong,helpforhouston,houstonstrong,houstonfloods,uxjufqfm4v
144,moorrraaa,donating,houston,hurricane,pls,rt,pyp8b68ige
145,helpforhouston,pray,goldentriangle,2night,pounded,texasstrong
146,pass,drown,hurricane,callin
147,strandedhouston,uscg,billbishopkhou,houstonpolice,nationalguard,texasguard,cohoustonfire,amodm9onf3
148,helpers,people,helping,harvey2017,prayfortexas,khtgfvkfer
149,texas,bec,sits,schmoozing,attempt,rubber,necker,scene,hurricane
150,90999,friends,texas,esqvx9sbg4
151,gators,harveysos,pnimbtlmxg
152,strandedhouston,uscg,billbishopkhou,houstonpolice,nationalguard,texasguard,cohoustonfire,bcl1jfhfyf
153,hatred,division,people,exist
154,cross,volunteers,donations,utblcd4xhq,a5z63ijz7f
155,strandedhouston,uscg,billbishopkhou,houstonpolice,nationalguard,texasguard,cohoustonfire,8cqqexczla
156,idea,hold,music,festival,fundraise,houston,neighbors,hurricaneharvey,helpforhouston
157,houston,prayers,hurricaneharvey2017,jamm1covlp
158,week,affected,blood,donation
159,gators,harveysos,pnimbtlmxg
160,rams,hurricaneharvey,vohd45nkxi
161,strandedhouston,uscg,billbishopkhou,houstonpolice,nationalguard,texasguard,cohoustonfire,tpascnyyim
162,storm,humans,helped,mi7hol1qln
163,strandedhouston,uscg,billbishopkhou,houstonpolice,nationalguard,texasguard,cohoustonfire,lq1ymc0h5d
164,people,impacted,rt,tweet,prayers,people,1,zqft572sdp
165,port,arthur,sosharvey,rescuehouston,portarthur,geocytyag0
166,horses,lady,labor,hurricaneharvey,spirit,ministry,rachbach007,cnn,ynorqalcdo
167,strandedhouston,uscg,billbishopkhou,houstonpolice,nationalguard,texasguard,cohoustonfire,mdpk58mhow
168,family,distress,volunteers,confirm,send,harveysos,connect,pe,met6oo8sdc
169,rt,message,harveyrelief,harveyrescue,efforts,helpforhouston1
170,people,nrg,10,fellow,texans,volunteer,community,americanredcross,houston
171,strandedhouston,uscg,billbishopkhou,houstonpolice,nationalguard,texasguard,cohoustonfire,irkvfmq4ao
172,relief,efforts,offer,texas,tribune,zw2brsy2hu
173,relief,click,link,donate,ccharities,ghtx,bqbz78frwd
174,report,animals,hurricane,victims,kaceymontoya,hurricaneharvey,animals,pets,rescue,helpforhouston
175,strandedhouston,uscg,billbishopkhou,houstonpolice,nationalguard,texasguard,cohoustonfire,fanocoxwdx
176,volunteer,connecting,harveysos,connect,people,resources,bt5gbsfpsc
177,adloftx,mission,rescue,pets,impacted,innocent,lives,pets,jxpan972zo
178,volunteers,safely,stadium,harveysos,con,hbazw9zjsz
179,hurricaneharvey,mumbairains,helpforhouston,usopen,northkorea,gameofthrones,hils1yj3vu
180,hurricaneharvey,mumbairains,helpforhouston,usopen,northkorea,gameofthrones,hils1yj3vu
181,game,called,rescue,videos,watch,finally,bed,game,wins
182,sosharvey,rescuehouston,zqukwwj1mn
183,drop,location,donations,harveysos,connect,people,kadxm95a6y
184,ground,local,organizations,donate,harveyrescue,qzvskrls0c
185,charity,harveysos,i9xrdcx3di
186,hurricane,animal,rescue,wag,cugfcnlswz
187,world,white,blks,brown,yellow,helping,love,houston,stay,strong
188,loss,heartbreaking,uplifting,ppl,backgrounds,coming
189,instrumental,rescue,efforts,hurricaneharvey,rescues,map,zello,app
190,accepts,pets,harveysos,zubypujcct
191,harveyflood,hurricaneharvey,aibqxxtbir
192,denton,county,game,warden,helped,rescue,70,people,days,houston,pigbq6i3lx
193,houstonflood,hurricaneharvey,god,texas,tonight,harveysos,ojcjnqc14h
194,heroes,texas,houston,saved,1,000,lives,waterrescues,flooding,wr5ykrfmuz
195,compass,stadium,harveysos,connect,people,resources,3gl63dg2dy
196,music,video,bonus,scene,people,affected,hurricane,texas
197,helpforhouston,k4j3ldsqmm
198,hat,city,ppl,drowned,float,inappropriate,jmo,harveyflood
199,impacted,hurricane,lz6cg3xirj,jmzrxx44ys
200,hurricaneharvey,rescue,day,chihuahua,ratterrier,mixedbreed,wwhdbcd6go
201,essay,questions,english,precal
202,people,helping,evacuation,harveysos,gaezs2ba74
203,curfew,apply,emergency,situation,private,property
204,hey,daysparrow,friend
205,rainfall,perspective,2d4mhsdycz
206,post,retweet,spread,post,hurricaneharvey,helpforhouston,tefdl4vgg8
207,senators,cruz,cornyn,gov,abbott,trump,texans,seek,texans,jailed,alleged,e6sk8ecpaq
208,shelter,houstonstrong,texasstrong,harveyhelp,houstonfloods,hurricaneharvey,985torigzh
209,piece,chops,storm,humans,helped,qwujgff1pg
210,hurricaneharvy,houston,houstonflooding,houstonproud,texasstrong,texasunited,donate
211,including,helpless,pets,houston,affected,xdefh4wlrn
212,strandedhouston,uscg,billbishopkhou,houstonpolice,nationalguard,texasguard,cohoustonfire,xjuurrt9xk
213,added,harveydrop,contact
214,world,city,houston,hurricaneharvey
215,strandedhouston,uscg,billbishopkhou,houstonpolice,nationalguard,texasguard,cohoustonfire,jhbsxskykq
216,rescued,foxnews,coastgaurds,hurricaneharvey
217,effort,ve,lost,helpforhouston,prayfortexas,fhdos2mcff
218,3,days,family,rescued,cost,guard,hurricaneharvey,houston
219,1m,wow,thankyou,jjwatt,ujet75dx9s,helphouston,cantrepeatkatrina,positivevibes,yhbrxlmpvd
220,family,bring,harveysos,connect,people,resources,monit,jtiv9iqzww
221,joelosteen,left,keys,mega,church,swimsuit,helpforhouston,hurricaneharvey,zjfom7xcnl
222,ready,assist,moms,babies,harveysos,hgmosmui2h
223,strandedhouston,uscg,billbishopkhou,houstonpolice,nationalguard,texasguard,cohoustonfire,cfi6nbmzv7
224,strandedhouston,uscg,billbishopkhou,houstonpolice,nationalguard,texasguard,cohoustonfire,g0ju1ohc7z
225,heart,finest,dogrescuers,houston,carson,crosby,dfge4rurhl
226,brown,donated,hurricane,relief,action,speaks,volumes,compared,realdonaldtrump
227,texas,helped,solidify,desires,texas,mit
228,swla,input,info,vpovjt5yd6
229,portarthuracg,contact,rescue,crews,verify
230,slim,thugs,loot,houston,business,wednesdaywisdom,3p9pruafsj
231,helpforhouston,harvey2017,y45cebtian
232,sosharveyrescue,uscg,billbishopkhou,houstonpolice,nationalguard,texasguard,cohoustonfire,xfel4tgicl
233,home,safe,sound,texas,harvey2017
234,fundraising,campaign,started,helpsforharvey,tap,donate,lefto2qozc
235,hurricaneharvey,list,67waidzbrc
236,beauty,grace,helpforhouston,hurricaneharvey,frhsjvf54c
237,houston,dogs,continuous,reassurance,puppers,rescued
238,portarthur,harveyrescue,xe3brvcm2p
239,donate,100,houstonians,easyclick,link,hurricaneharvey,5gckkjvyho
240,f5lcsqzerh
241,legitimize,foundations,houston,harveysos,sxhemw3wpa
242,hurricane,kv0fmdxipd
243,ʣhurricane,rescue,golden,triangle,ʣ,ʣ,facebook,add,contact,info
244,charities,harveysos,wh31ko7dsf
245,youtubers,coming,texas,people
246,roll,grbcc,dips,midnight7am,time
247,teams,heading,port,arthur,beaumont,share,hurricaneharvey,houstonflood
248,helpforhouston,bachelorinparadise,nashvillestatement,hurricaneharvey,inners,untadcpivd
249,people,houston,ve,posted,link,facebook,hurricane,hurricaneharvey
250,girl,inspiring,note,police,officer,dad,headed,victims,xazzitbjog
251,sosharveyrescue,uscg,billbishopkhou,houstonpolice,nationalguard,texasguard,cohoustonfire,m4yuhzg5t8
252,contact,verify,rescue
253,tide,send,loadsofhope,nrg,helpforhouston,houstonstrong,3xvevtvyqv
254,mexico,offers,trump,hasn,decided,accept,usual,bgcbuzxhbj
255,mexico,offers,trump,hasn,decided,accept,usual,dfouqwpklu
256,hurricaneharveyheroes,cg6gqvravx
257,mexico,offers,trump,hasn,decided,accept,usual,l1zj22wv6b
258,shelter,announcements,compiled,list,tweets,hope,helps,7wmolkafpb
259,rescue,map,1,rescue,pls,hand,2,ll,hand
260,helpforhouston,hurricaneharvey,em
261,donating,frequent,flier,harveyrelief,phyhaabis0
262,strandedhouston,uscg,billbishopkhou,houstonpolice,nationalguard,texasguard,cohoustonfire,m2ouaezb4d
263,hurricaneharveyheroes,heroesforharvey,qv7kj4wm6u
264,couldn,shoes,meant,couldn,comfort,people,desperately,muck
265,helpforharvey,helphouston,gijdukkvju
266,strandedhouston,uscg,billbishopkhou,houstonpolice,nationalguard,texasguard,cohoustonfire,jvvl1llsed
267,rescued,astrodome,harveysos,5cohi4uajd
268,atliy15,shirts,proceeds,red,cross,hurricane,victims,dsletwyxvs
269,strandedhouston,uscg,billbishopkhou,houstonpolice,nationalguard,texasguard,cohoustonfire,qumigwllef
270,strandedhouston,uscg,billbishopkhou,houstonpolice,nationalguard,texasguard,cohoustonfire,vapbbadzli
271,strandedhouston,uscg,billbishopkhou,houstonpolice,nationalguard,texasguard,cohoustonfire,xiaps0pmku
272,port,arthur,tx,elderly,homes,flooding
273,crisis,volunteers,confirm,add,list,harveysos,connect,reso,kt5zpevhlg
274,morse,code,harveysos,calusa3jkm
275,portarthur,news,told,roof,emergency
276,breaks,move,houstonfloods,hurricaineharvey,godblesstexas,nkqr0pe6mi
277,funny,ted,cruz,gov,funding,hurricane,sandy,gov
278,zello,connect,channel,harveysos,vv7v2vxqgm
279,rockport,tx,town,direct,hit,hurricane
280,teachablemoment,helpforhouston,spirituality,0rj4ucb8cw
281,hurricane,donate,google,match,donation,uacqkj4b3l,harveyflood
282,portarthur,911,isn,answering,sqtkwygh6y
283,harveysos,lxqzkq7vxq
284,hurricaneharvey,portarthur,big37oexmn
285,portarthurtx,ltvtt4hdnr
286,terrence,williams,perfect,live,bring,strong,2,fight
287,redcross,amazon,donate,affected,hurricane,stand,hurricaneharvey
288,phone,calls,rescue,people,harveysos,dcbdn439dy
289,mihxoeuo13
290,portarthurtx,3yhmbr6f7b
291,portarthur,texas,hurricaneharvey,hournews,cajunnavy,rescue,prayforhouston,jghi7oghm1
292,helpforhouston,nrgcenter,qvofrhdj1l
293,texas,helpforhouston,keeppraying,jdxwq7vbcl
294,portarthur,tx,pls,zello,app,texas,search,rescue,channel,harveyfloods
295,portarthurtx,cajun,navy,responded,78ildwfpft
296,soshouston,qrrpnnrhwo
297,rescue,doc,online,data,loss,eat,google,backlog,sos,twitter,channels,sleeping
298,soshouston,ft89mhljuz
299,left,found,blame,potus,realdonaldtrump,helping,praying,mdycahonqy
300,soshouston,fqqfbqtgrq
301,hope,houston,rebuild,houston,deud1f072m
302,victims,hurricane,helpforhouston,houstonfloods,houstonstrong
303,soshouston,csct2iceo7
304,info,rescue,beaumont,vidor,port,arthur,fannett,tx,ttjvghxvax
305,fgcv1gic3t
306,soshouston,7eevoxcsm8
307,connect,resources,monitored,civilian,volunteers,cold,dark,wet,god,houston
308,houston,cajunnavy,shelter,hurricaneharvey,helpforhouston,baby,galveston,ouaiohgprd
309,texas,counties,affected,sending,donations,appreciated,texasstrong
310,humans,helped,climatechange,qwu1mhamhr
311,soshouston,5esdum8le8
312,prayforhouston,hurricaneharvey,onlyikewcan,saddest,wake,azjan49n34
313,makes,easy,donate,app,options,hurricaneharvey,aispzpiopv
314,soshouston,houstonflood,5ht1jark2w
315,houstonspca,critter,feels,rescue,feed,house,lost,pets
316,blood,drive,arbor,view,tomorrow,donation,affected,hurricane
317,harveyrescue,ums8gjyiky
318,donations,victims,children
319,harveyrescue,houstonsos,gfzrpn2ajs
320,port,arthur,download,zello,app,add,channel,southeast,texas,navy,409,rescue
321,portarthur,harveyrescue,ubee3rs1ys
322,thequeenp,passion,nrgpark,nrgcenter,shelter,hurricaneharvey,helpforhouston,iz0dqpj3j9
323,ll,tomorrow,doesn,trapped,town,yetbndzi9e
324,dm,contact,rescue,crews,verify,status,pls
325,step,crisis,hitting,houston,world,america
326,flood,relief,fund,osq0mj9d9e,youcaring,hurricaneharvey,helpforhouston,hurricaneharveyrelief
327,helping,hurricaneharvey,victims,aspca,covenanthousetx,houstonpolice,houstonfiredept,redcross
328,home,residents,rescued,floodwaters,clsqenmc0i
329,strandedhouston,uscg,billbishopkhou,houstonpolice,nationalguard,texasguard,cohoustonfire,dawjenxzck
330,strandedhouston,uscg,billbishopkhou,houstonpolice,nationalguard,texasguard,cohoustonfire,isulv7vrps
331,hurricane,link,bio,fznbh2dbyd
332,trump,administration,hasn,decided,accept,mexico,bzudmngxi6,huffpostpol
333,fucking,trill,day,underwater,harveysos,portarthur
334,donate,pwcyhqop1q,houstonflood
335,kentucky,people,texas,texasflood,helphouston,helpforharvey
336,items,diapers,feminine,products,helpforhouston,hurricaneharvey
337,4,volunteer,rescuers,reportedly,missing,floodwaters,ne,houston,icclck9fka
338,strandedhouston,uscg,billbishopkhou,houstonpolice,nationalguard,texasguard,cohoustonfire,1eql4hqa3v
339,county,alert,call,post,mandatory,evacuation,houston,send,harveyrescue,asap,xnlwolqppu
340,harveysos,portarthur,grrp2vmboh
341,contact,rescue,crews,verify,feel,free,dm
342,people,blue,donate,red,helpforhouston,hurricaneharvey,5op91ujnb6
343,famosos,env,su,apoyo,los,afectados,por,7aqedzy5ue
344,contact,rescue,crews,verify,status,dm
345,brooklyn,manhattan,nyanimalrescue,woofnycdogresq,rescuzillanyc,waggytailrescue,zanisff,pls,save,dilling,kw4fjoy4sv
346,account,tqoeobb4c2,emotions,victim,hurricane,oexnstpv0p
347,alley,shelter,civic,center,flooded,harveysos,portarthur
348,graffiti,merica,helpsontheway,yl1khbog6m
349,center,water,coming,bowling,alley,portarthur,harveyrelief,harveysos
350,challenge,listed,ytcreators,huricaneharveyreliefchallenge,cc,kevinhart4real,jjwatt,timothydelag
351,contact,address,people,contact,harveysos,portarthur
352,animals,texas,hurricaneharvey,animalrescue,animallover,helptexas,41jhhkfi4e
353,mexico,accept,mexico,hurricaneharvey,texas,trump
354,harveyvictims,harveyrelief,harveydonations,atheists,helphouston,xvkorrdu01
355,power,standing,water,harveysos,portarthur
356,helping,tx,victim,children
357,hurricaneharvey,redcross,epiivscg2q
358,benphillipsuk,donating,victims,hurricaneharvey
359,abc13houston,port,arthur,harveyflood,hurricaneharvey,73b8j1vzmo
360,harveyrescue,uscg,missing,rescuers,boat,flipped,houston,trees,nearby,currents,jqvnui2shg
361,arthur,rt,sit,idly,knowing,people,drowning,homes,sosharvey
362,harveyrescue,uscg,kjm1girarj
363,icleanedoutmyclosetforhouston,hurricaneharvey,houston,relief,qcmj2kcevq
364,portarthur,hurricaneharvey,harveyflood,4pwo4ykegr
365,finna,bro,literally,underwater,harveysos,portarthur
366,proceeds,hurricaneharveyreliefchallenge,tag,share,spread,word,uab2hrkgyk
367,evacuees,opportunity,houstonfloods,rqmvmsohmw
368,texas,storm,911,rescue,online,zellow,request,rescue
369,pray,donate,money,time,supplies,hurricane,relief,funds,hurricaneharvey,helpforhouston
370,proceeds,hurricaneharveyrelieffund,tag,share,spread,word,nexrrkgk7q
371,putting,portarthur,cajunnavy,hurricaneharvey,sosharvey,rescue,people,watching
372,renard,volunteer,harveyrescue,heather,rescued
373,strandedhouston,uscg,billbishopkhou,houstonpolice,nationalguard,texasguard,cohoustonfire,inyfixianc
374,govabbott,fantastic,job,helping,recover,jeffdsachs,fraud,tcot,0w05ctx2gf,amp,1
375,harveyflood,hurricaneharvey,texas,jronstxfhl
376,harveysos,harveyrelief,jyptp7lcrf
377,fantastic,job,helping,recover,jeffdsachs,politicizing,tragedy,gain,cowardly,tcot
378,courtneyabc13,xucdqebpdc
379,prepares,rescue,efforts,aspca,petrescue,pets,dogrescuers,catresuers,bogh6zqb0h
380,portarthur,harveysos,ngw6rx7odf
381,12newsnow,contact,verify,status,rescue,feel,free,dm
382,hurricaneharvy,harveysos,jaoh3llhzj
383,lives,home,quickly,flooding,lives,4537,jimmy,johnson,3,portauthor,tx,77642,united,harveysos
384,texasgirlnyc,farranweezy,portarthur,hurricaneharvey,sosharvey,rescue,uscg,ph,2814644852,text,8328726046
385,harveysos,harveyrelief,znguszampm
386,harveysos,harveyrelief,uc6h5rmh3v
387,arthur,rescue,post,address,rescue,contact
388,lexi,info,cupzin0lqe
389,hear,matt,report,status,worsens,confirmed,rescue
390,donations,victims,2,000,hours,join,retweet,ugt3yxik2h
391,4dryvcmlbs
392,medication,program,provide,hiv,meds,1,800,255,1090,riseuptohiv,scwn9ttj74
393,portarthur,hurricaneharvey,sosharvey,rescue,uscg,mayorfreeman,uscg,ph,2814644852,text,8328726046
394,prayers,affected,xltrurtenz
395,arthur,rescue,post,address,phone,rescue,contact
396,harveyhelp,trash,trucks,coming,rescue,port,arthur,ucovd00pyu
397,rowling,beast,zfg,helpforhouston,hopeforhouston,hurricaneharvey,qnf5rbpkgp
398,harveyrescue,redcross,cajunnavy2016,uscoastguard,jz6blzw1pg
399,harveysos,harveyrelief,59avsstgsy
400,hurricaneharvey,donating,americanredcross,texting,rsstbuoyg9
401,shelter,lakewoodch,helpforhouston,gxpyb8oazl
402,houston,helpforhouston,ictvvmeqqa
403,america,hurricane,victims,sb4j0bn43f,cbsnews
404,people,dire,pets,devastated,ppl,lives,helptheanimals
405,affected,tropicalstormharvey,pxwhqzwybw
406,dwngr5vtu4
407,bullock,donated,1,million,hurricaneharvey,relief,effort,naq0nu2ebe
408,information,send,harveyrescue,site,night,portarthur,houstonstrong
409,beyondborders,t4xbeaumont,wd,canada,harveyflood,prayforbeaumont,canadianpm,7rm5ofbd3x
410,zello,search,cajun,navy,channel,theyre,sending,cedar,ridge,portarthur,harveysos,provide,phone
411,navy,theyre,rescuing,provide,phone,list,address,portarthur,harveysos
412,trapped,rescued,due,aftermath,hurricaneharvey,hang,bright,towel,xw0yr9xppm
413,harveyrescue,slackhq,slack,fulcrumapp,harveysos,harveyrescue,portarthur,nb1sybtwoo
414,zello,directly,contact,cajun,navy,sending,coast,guards,portarthur,harveysos
415,home,houston,awful,hurricaneharvey,victims,donate,red,cross,cuq75g26hc
416,port,arthur,harveysos,contact,coast,guard,air,force,harveyrescue,ylnwxrhdqn
417,creek,bayou,htx,helpforhouston,prayforhouston,hurricaneharvey,houstonstrong,g2rpi1jxp0
418,donation,site,texas,recover,harveyrelief,houstonstrong,ame,2ns8yjivcb
419,911,system,harveysos
420,boughton,2phonekenny,literally,port,arthur,received
421,4,speaking,truth,horrible,huricaneharvey,realamericans,helping,ns7xhszb8k
422,harveysos,ejb7erfhxh
423,stand,rescuers,portarthur,harveysos,harveyflood
424,zello,search,cajun,navy,portarthur,harveyflood,harveysos
425,aren,megachurch,victims,care,helping
426
427,trillhomie,esg,harveysos,portarthur,3vzbew7413
428,harveydrop
429,allowing,rescue,civil,disobedience,warranted,opinion,shame,port,arthur,harveyfloods
430,broken,portarthur,harveysos,harveyflood
431,victims,texas,storm,k9rx9eoyzh
432,paper,reached,breaking,helpforhouston,dgu0adjboy
433,people,roof,won,die,hypothermia,morning,portarthur,harveysos,harveyflood
434,arthur,register,rescue,g6mdettnav
435,gym,repeat,gym,fuck
436,isn,victims,solely,twitter,dumb,fyi
437,portarthur,harveyflood,harveysos
438,portarthur,texas,houston,hurricaneharvey,port,owp8z0ubnr
439,harveyfloods,texasfloods,portarthur,thread,1
440,hombres,helpforhouston,hopeforhouston,prayforhouston,hurricaneharvey,oddarrogas
441,harveysos,harveyflood,mjhjwezkk3
442,people,walking,streets,water,legs,ppl,helping,prayforhouston
443,g4r7kn2eix
444,arthur,call,asap,hurricaneharvey2017,4ac0kqu8au
445,stacy,uscg,sosharvey,harveyrescue,portarthur
446,harveyrescuepage,harveyrescue
447,uxemtpx2vt
448,helping,texans,impacted,luqqptggus
449,helping,texans,impacted,bhwbpj8hrf
450,coast,guard,9045532185,air,force,portarthur,harveyflood,harveysos
451,retweet,friend,mom,rescue,water,knees,rising,2815,33rd,street,port,arthur,texas,77640,hurricaneharvey
452,call,rescue,6012652075,2814644851,coastguard,2023722100,airforce,9045532185,sosharvey,harveyrescue
453,hurricaneharvey,send,houston,texas,v6br8bgliz
454,portarthur,hurricaneharvey,houston,texas,uogdwtureb
455,real,helpless
456,harveysos,harveyflood,nybfxga8wh
457,n9lttghzrg
458,brewery,georgia,shipping,canned,drinkingwater,hurricane,relief,efforts,nlhhrgzpu1
459,50,note,50,sos,channel,manned,supernatural,fans,carry
460,bosshog27,send,port,arthur,asap,texas,hurricanharveyrescue,repost,gtmayne,tum5aioo6m
461,renewedpilot,fund,page,united,employees,airport,workers,affected
462,harveyrescue,updated,info
463,pray,4,victims,love,life,gear,n9fziqemgt
464,fund,page,united,employees,houston,airport,employees,affected
465,uscg,qpt73ypzms
466,harveysos,vwsebsjv9k
467,neighbors,form,human,chain,rescue,pregnant,woman,labor,midst,historic,flooding
468,5am,wjz,hurricaneharvey,victims,coming,maryland,including,archdiocese,baltimore
469,complete,call,portarthur,rescue,dawn,confirm
470,nj,helping,harveyflood,victims,supplies,bedding,efforts,story
471,stepping,collect,supplies,funds,victims,hurricane,mzcavszvdg
472,plz,add,friends,mother,rescue,8uxl7nmdag
473,survivors,donate,bottled,water,calling,9125084558,james,shaw,pick,bring,tx
474,houston,dayofgiving,harveyflood,houstonfloods,challenge,secret,8imaapxu4y
475,texas,harveysos
476,begging,king,trance,asot,8,30,17,houstonflood,challenge,ch,rblphpfecg
477,horse,ground,stranded,flood,waters,9yr5889qie
478,hurricaneharvey,houston,houston,texas,izgtfeugu2
479,hurricaneharvey,portarthurtx,g1jksrkjsg
480,politics,harveyrelief,xsk6nx242n
481,lawyers,lobbying,judges,exercise,extreme,punishments,criminals,helpforhouston
482,helping,counting,crowd,huge,lqrymokykw
483,day,telethon,red,cross,victims,hurricane,wmur,8eh8ggyd3f
484,motivate,edm,djs,tomorrow,8,30,17,harveyflood,houston,x0pmamotze
485,processed,charged,quickly,deserve,punishment,helpforhouston
486,coming,fuck,portarthur,harveyrelief,harveysos
487,affected,hurricane,victims,rescue,workers,americans,nation
488,tweet,mommap,port,arthur,fire,department
489,houston,week,aftermath
490,harveysos,harveyflood,qym2ohc6fn
491,harveyflood,texas,giving,temp,licenses,xeapfwftzl
492,addresses,emergency,lines,jammed,poer,arthur,sosharvey,harveydrop
493,aynrandpaulryan,rollbluetide,sosharvey,harveyrescue,portarthur,eh80v504lq
494,arthur,rescue,request,link,fsj6xfdfnl,harveydrop
495,beachfrontfive,dizzle5000,harveyrescue,washington,dc
496,east,continues,wreak,havoc,se,texas,khou11,h3eojthrfu
497,wishes,aren,donate,redcross,hurricaneharvey,5hhtgro52j
498,administration,hasn,decided,accept,mexico,ozteiy2dng,kg9l4eiseg
499,x3,2aguacates,wrapping,calls,emailing,doc,doc,6,proceed,stand,animal,rescue
500,boys,love,houston,hurricaneharvey,8,30,17,influence,pe,xlqrsyksfr
501,beachfrontfive,dizzle5000,harveyrescue,ton,tweets,rt,ing,mjglslf46l
502,jwqyi6g1wk
503,bc,absolutely,heart,breaking
504,boys,won,coming,houston,bc,harveyhurricane,s2cyicid7t
505,rescue,hurricaneharvey
506,followers,send,prayers,port,arthur,rt,word,prayforpa
507,form,rescued,port,arthur,fsj6xfdfnl,rescue,request,link,port,arthur,harveydrop
508,sosharvey,lsyxnnyvxg
509,sos,coqutawojq
510,tiestofamily,8,30,17,harveychallenge,tiesto,hurricaneharvey,houston,helps,mcwtd5ts1h
512,artbellproducer,slxvmm,harveysos,hashtags,sh,n7bqkw7h4h
513,lexi,update,cajunnavy,entered,location
514,dtxmxxak2n
515,rescue,request,link,port,arthur,sosharvey
516,ahh,lexi,artbellproducer
517,texas,community,rescue,workers,fna86p2vwy
518,helpforhouston,harveyrelief,hopeforhouston,wtannevtex
519,helping,texans,hurricaineharvey,sq9x6q4jys
520,industry,friends,times,awkyesfiax
521,feeling,impact,hurricaneharvey,6,local,agency,aiding,animals,texas
522,helpforhouston,harveyrelief
523,arthur,harveysos
524,processed,mumbairains,devastation,helping,houston,mumbai,rainhosts
525,giving,address,rescued,hurricane,heart,breaking
526,harveyrescue,hope,lights
527,tv4mimi,beachfrontfive,harveyrescue,tagged,harveysos,luckily,hashtags
528,port,arthur,beaumont,brothers,sisters,pleasesendthemhelp
529,concerned,potus,response,everyday,hero,helping,neighbors,cnn,msnbc,abc,stomach
530,provide,relief,hurricane,victims,rmyoubahqc
531,community,provide,relief,hurricane,victims,gng2i7p0uc
532,landfall,morning,time,tropicalstorm,louisiana,18,dead,13,000,rescued,houston
533,landfall,morning,time,tropicalstorm,louisiana,18,dead,13,000,rescued,houston
534,noah,flood,wasn,fable,helpforhouston,showsomelove,9vtnbrcrwt
535,houston,victims,hurricane,b5rvb4ycrv,helpforhouston
536,rescue,trapped,horse,floodwaters,j23mc1m92i
537,landfall,coming,ashore,western,louisiana,texas,border,rescues,continu,rmwgap95sg
538,sos,sos,dispatch,patx,call,4097236500,4098678757,4099838707,4099838663,portarthur,pass
539,sos,sos,dispatch,patx,mwbcfniakj
540,sos,sos,dispatch,patx,fje4km2ikd
541,2gzv04rrvn
542,glttar1smf,confirmation,conflicting,reports
543,bless,people,rescue,animals,hurricane,heart,knowing,owners,leave
544,affected,visit,fz2usmpamx,kxan,standstrongtexas,atx,gr7v3be86h
545,portarthur,cajunnavy,harveyrescue,v8ucazpzjz
546,businesses,churches,communities,devastating,time,texas,hurricaneharvey
547,houstontexans,sell,hurricaineharvey,charity,jerseys,eagles,fan,buy,4,jjwatt,nflnetwork,helpforhouston
548,tedcruz,johncornyn,voted,sandy,relief,hurricaneharvey,victims,forget,o1nygacjhr
549,heartbreaking,ppl,cry,port,arthur,harvey2017
550,rescue,videos,hurricane,night,youtube
551,attic,roof,asap,don,drive,vehicle,chopers,sun,leave,stuf,harveysos
552,pet,parrots,texas,rescued,hurricaineharvey
553,rain,record,texas,rescues,surge,gt4e21bcjz,foxnews,android,app
554,portarthur,hurricaneharvey,friend,family,tip,traeabn,kingkeraun,6ibbts8qva
555,harveyflood,helpforhouston,hurricaneharvey,m8n8a12wql
556,hurricaneharvey,tropicalstormharvey,houstonfloods,houstonflooding,helpforhouston,tsnvvopwbt
557,fire,dept,headed,houston,okpanhandle,guymonfd,pypey5x1gu
558,hurricaneharvey,helpforhouston,tropicalstormharvey,houstonfloods,jzfiqudj4y
559,wmc,action,news,5,tracking,path,midsouth,tn,task,force,helping,houston,death,etaechuls6
560,tropicalstormharvey,houstonflooding,helpforhouston,ytoy1eydvk
561,hurricaneharvey,tropicalstormharvey,houstonfloods,helpforhouston,zt415rzqzy
562,prayer,jesuschrist,love,fit,christ,e2apirkds9
563,american,watching,people,drop,fellow,women
564,effort,cont,9a7p,stop,6402,bartlett,houstonstrong,texasstrong,ha31ysw6c2
565,loving,friends,animal,rescue,texas,animal,shelters,affected,hurricane,virl8gypjz
566,airbnb,launched,portal,displaced,victims,hurricaneharvey,stay,xluy2y3axq
567,sosharvey,download,zello,app,cajun,navy
568,airbnb,launched,portal,displaced,victims,hurricaneharvey,stay,razd4h3db9
569,victims,zl6yqkrvcr,refinery29
570,kids,difficult,time,i94l4tswcq,hurricaneharvey2017,truittinaction
571,wssfg9ahzx
572,fox43news,video,local,crews,helping,flooding,victims,texas
573,check,community,foundation,eastern,shore
574,media,opp,legal,defense,fund,helping,victims,tm9x2zhr1h
575,abcwnn,probs,texas,victims
576,live,pimpinjoy,putting,emergency,hurricaneharvey,rescue,love
577,relief,fund,9vpgn9rebh
578,hurricane,call,6036419009,donate,wmur,telethon,redcross,xfn3smmtrl
579,any1,2,rescued,leave,address,phone,info,contact,boat,rescuers,hurricaneharvey
580,resources,navy,coast,guard,army,marines,allowed,join,usng,rescue,operations
581,donations,red,cross,local,houston,orgs,people,affected,4s15nqfutf
582,retweet,hurricaneharvey,helpforhouston,houstonstrong,47duzp8nge
583,redcross,bryan,learning,impacted,kbtxnews,bvtm,qux6qz1ekc
584,helping,victims,hurricaneharvey,gsw609kclq
585,affected,hurricane,redcross,donatetotheredcross,makeadifference,hurricaneharvey,reputable
586,newjersey,animalrescue,morristownnj,dogs,houston,texas,tbagshitpants,seee,jersey,isn,gqrrhrybgm
587,gear,victims,hurricane,ihf1ijjuhh,lawdotcom
588,landfall,2nd,time,la,details,relief,efforts,visit,z3ddu3me2r
589,pro,shops,donating,dozens,boats,aid,rescue,efforts,z8tqe5ekpp
590,cowboys,texans,game,tickets,25,proceeds,hurricane,scottykonair,bretmega,75gsmgm97u
591,fema,uscg,harveyrelief,call,twitter,facebook,cajunnavy,post,addresses,mark,location
592,affected,hurricane,nxwchzjatt
593,focused,victims,tragedy,helpnothurt,houstonfloods,harveyrelief,lm8pmdlucw
594,army,rotc,activated,hurricane,suddenly,reservist
595,ahh,lexi,jenn3597,sister,information
596,displaced,horses,owners,hurricaneharvey,prayersfortexas,dunf5pwwie
597,affected,ff94vve7a9,harvey2017,harveyrelief,harveyflood,npr
598,hurt,cane,1m,donated,uw,red,cross,provide,critical,aid,u9hl8a21zo
599,portarthur,abc13houston,foxnews,cajunnavy,harveysos,pxpvbi8vim
600,30,gmr8,ajoneskait,alert,center,entergyark,helping,texas
601,love,mind,set,people,outgrow,implants,hate,hearts,hurricaneharvey
602,victims,hurricane,texas,louisiana,ci7e9cwudk
603,shenandoahdonation,drop,offs,8am5pm,friday,site,drivers,hurricaneharvey
604,adam,brackman,rescued,75,people,stranded,storm,hero,harveyflood
605,5,30,rescue,efforts,developing,stories,overnight,utah,kslam
606,conversation,7,30am,indiana,volunteer,leader,redcross,allison,barber,victims,daybreak8
607,lil,giving,free,verses,upcoming,artist,affected,hurricane,studio,underwater,helps
608,videos,embody,incredible,level,selflessness,wow,telling
609,helping,alive,houston,chabad,aishelhouse,hurricaneharvey,2kot7wlasp
610,houston,natl,guard,navy,coastguard,harveyflood,helphouston
611,donald,trump,accepted,mexico,offer,houston,flooding,victims,cynqeanxxw
612,victims,jesus,100,sbc,disaster,relief,0hxnr2qekc
613,difficulties,stopped,responding,limited,information
614,inspiring
615,mansions,don,mess,texas,rescues,resilience,people,super,strong,memory
616,relief,fox6now,redcrosswis,mhiegcaulq
617,davis86,gregabbott,tx,guess,didn,understand,remark,nice,stopped,xkf4byxdjs
618,lexi,sister,ticket,cajunnavy,update,rescued,situation,worsens,jv4isxl27q
619,shelter,rescue,dogs,displaced,hurricaneharvey,arrive,plane,morristown,ntgqdw4ezf,grkumg3vcg
620,heading,beaumont,troopers,prayers
621,forget,donate,houston,spca,animals,displaced,hurricane,ki6fr1egcf
622,drone,search,rescue,discussion,foxandfriends,petehegseth,heading,drones,doctors
623,devastation,hurricaineharvey,texas,rqrtdgwsbj,donate,prayfortexas
624,idea,hurricaineharvey,middierising,loveoneanother,helponeanother,dablgh1ush
625,k6fbelkd5v
626,refuge,strength,trouble,psalms,46,1,hurricaneharvey,1jizxomlcn
627,teen,brave,flood,save,trapped,horse,xlxkf277qj,huffpostgreen
628,philhollowayesq,rohrbach,lee,6,search,rescue,efforts,citizens,houston,hurricaneharvey,texasstrong
629,leading,helping,victims,hurricaneharvey,jchvjyndpj
630,rescue,rescuer,wbw3reakmu,portarthur,houstonharveyrescue,hurricaneharvey
631,price,gouging,texas,edz1t9muuo,harvey2017,helphoustondonthurtit
632,thomaswictor,soros,giving,harveyrelief,violence
633,drone,search,rescue,chat,foxandfriends,petehegseth,heading,2,drones,3iyfxcnzqs
634,people,cincinnati,helping,texans,harveyhouston,ygxgfengae
635,claiming,citybeaumont,port,arthur,siegemany,rescues,ongoingmore,foot,cscpowyfx9
636,darkness,caused,shot,colorado,river,lift,spirits,obtcceasez
637,eat,victims,hurricane,eagle,creek,5mgld4l662
638,relief,buzz,brew,abq,local,coffee,s5tvuelwhk
639,people,hurricaineharvey
640,harveyrescue,google,street,view,helps,rescuers,stephanie,miqlio7efm
641,fyi,gas,prices,helping,affected,harveyflood,supplyshift,supplyshock,econ101
642,medicalmightbeanemergencycall,current,rn,hit,7,hrs,tap
643,bible,verse,offers,tip,officials,helping,harveyrelief,solomon,god,discernment,administering,justice
644,nbcdfw,lhiekaur2c
645,mexico,offers,trump,hasn,decided,accept,aiyyy8ywaz
646,mexico,offers,trump,hasn,decided,accept,0ngbimoee8
647,call,uscg,national,line,2023722100,harveysos,globalgoodemirelief
648,donations,helphouston,harveychallenge,aug,30,2017,stars,helping,q5dbuu4fj3
649,mcdaniel,79,family,evacuating,arbor,terrace,senior,center,call,nrg,gqiq4arcwo
650,supreme,court,outofstate,lawyers,victims,read,ctbar,2d5qpiamgg
651,donates,boats,harveyflood,victims,amazon
652,mexico,offers,trump,hasn,decided,accept,ykmkt64pqm
653,resue,map,check,harveyrescue,qtz6ea62q1
654,rescues,houston,houston,tx,texas,hurricaneharvey,hurricane,houston,v86ofdcr7c
655,harveychallenge,play,set,sym2sjkmot
656,victim,rescued,21,dogs,sheltered,storm,kref2wldj3,nypost,pets
657,slept,3,days,matters,saveportaethur
658,harveyrescue
659,hurricaneharvey,friend,family,stuck,lnbrqnyv31
660,harveyrelief,bgeots2vyc
661,rescuing,water,vehicles,waiting,lemmee,hurricaneharvey,hurricanehneed
662,house,flooded,rescue,hurricaneharvey,cajunnavyrescue,alicia,domonique,ballou,8248,sassine,ave,port,arthur,tx
663,helps,telethon,redcross,benefit,victims,hurricaneharvey,dollar,counts,eu2xt9kjxh
664,house,flooded,rescue,hurricaneharvey,cajunnavyrescue,alicia,domonique,ballou,8248,sassine,ave,port,arthur,tx
665,interview,support,prayers,love
666,victims,doesn,matter,choose
667,arthur,tx,0ftyy5hezu
668,forget,towns,hit,hardest
669,sblaskovich,howcanihelp,dallas,88ktaxaeqb
670,texas,herioc,rescuers,save,humans,animals,nyc,nycacc,lists,adoptable,pups,death,kcm33he7ba
671,text,redcross,90999,donate,10,helpforhouston,harveyflood
672,companies,helping,wake,harvey2017,coming,kfiam640,sz18bo52dy
673,rt,rt,hurricaneharveyhelp,imminent,harm,location,officials,rescued,aj8yafdlpq
674,providing,support,2,devastated,hurricane,houston,2,helpforhouston
675,cross,text,90999,salvation,army,text,storm,51555,learn,1gdanpmki4
676,teaming,industry,children,affected,hurricaneharvey,nxbfmyfusd,tmabs6s7ue
677,buffoon,mentioned,contact,victim,helpforhouston,impeachtrump,hurricaneharvey,ftgprkmt1i
678,hurricaneharveyhelp,3pw3cdxthb
679,action,harveyrelief,wftv,l9pdwxd93w
680,hurricane,donate,google,match,donation,jmmng7eabu,pqtcfcyvar
681,call,port,arthur,coastguard,uscg,2023722100,air,force,usairforce,9045532185,harveyrescue,rt
682,advice,helping,hurricane,victims,hmpt6k9rem
683,federal,gov,45,bear,real,costs,tragedy,light,tx
684,navy,rescue,crises,outdoorsmen,zwofaf08j0,nationalpost
685,helping,spread,word,hurricane,relief,efforts,axwaswyows,wit,obbaczpdok
686,hero,love,ve,city,harveyrelief,heroalways
687,challenge,accepted,throw,starpittsburgh,helping,hurricaneharvey,victims,znqk6tomln
688,de,en,el,suroeste,de,louisiana,se,ubica,40,kms,al,oeste,noroeste,de,lake,charles,louisiana,vient,pyjtxneosv
689,week,wildflorida,taking,airboats,stricken,houston,xpgtltng7r,harvey2017
690,affected,zhdavaey2p,helpforhouston,houstonstrong
691,houstonfoodbank,provide,food,hurricaneharvey,victims,join,fm6ov7tvjz
692,blood,donations,delivered,texas,hit,hard,mpemdrltid
693,68,days,pass,aid,katrina,step,harvey2017,adding,pork,bill,kicked
694,interview,govchristie,cnn,politics,houston,survivors,thinking,friends,family,chriscuomo
695,type,port,arthur,rescue,ll,cousin
696,victims,texting,90999,10,redcross,su7e9tuuit,curmze0t69
697,morning,fill,exxonnorthhills,3,cents,gallon,redcross,hurricaneharvey,victims
698,relief,aid,victims,abinbevnews,otklkpkqmo
699,joelosteen,mega,church,victims,houston,affected,bit,godly
700,helping,affected,visit,fz2usmpamx,donate,siih22cdgk
701,god,taught,joelosteen,joelosteen,breaking,harveyflood,harveyrelief,people,tjqrptcdz9
702,philly,easy,victims,collecting,diapers,formula,wipes,rt,gbd86erybj
703,text,90999,donate,10,redcross,zo1i13pivt
704,beautiful,american,spirit,sandra,bullock,donates,1,million,red,cross,rel,uqw1ogq0al
705,canning,water,victims,jamjiceyl6,abc7chicago
706,native,beyonc,pledges,hurricane,relief,efforts,aecnqvcvxn,goodblacknews,tm7tx8il2w
707,fellow,dallasites,options,helping,hurricaneharvey,relief,ktmqtbdxwg
708,misplaced,pets,animals,hurricaineharvey,harveyspets,j44dmsv5ri
709,wake,hurricane,disaster,a94zqtrppq
710,texas,times,hurricanharvey,texan
711,affecting,lives,redcross,donations,join,xxi0x8aysc
712,fsj6xfdfnl,rescue,request,link,port,arthur,sosharvey
713,survivors,boat,close,rescue,people,pray,4barr54lmd,iejputfkew
714,affecting,lives,redcross,donations,join,ydabmnaavt
715,texas,caused,hurricaneharvey,support,emlzyrretj
716,hurricaneharvey,donate,gnofoundation,nola,payitforward,fund,3s47lmfbpu
717,harveysos,uilyan6cya
718,25,000,00,harvey2017,hope,didn,hurt,bank,account,helps,yo,iu5qzjhm0d
719,matching,1m,donations,harveyrelief,join,mudd,law,helping
720,rescue,link,harveysos,lbd5k9gxna
721,list,harveyflood,1isjrogedo,huffpostimpact
722,affecting,lives,redcross,donations,join,3wdrk6r0xc
723,helpless,hurricaneharvey,tho,donation,feel
724,scientists,creates,realtime,map,aid,rescue,xkb5nzdhr4,nbcbayarea
725,helping,houston,don,forget,cities,hit,somecitiesmatter,dontforgetrockport,hurricaneharvey
726,scientists,create,realtime,map,aid,rescue,xkb5nzdhr4,nbcbayarea
727,match,4,contributions,foundation,hurricaneharvey,relief,1,million,helps,z57jpotkct,teachers
728,homeless,victims,disaster,shelters,n3xynwwogr
729,fsj6xfdfnl,rescue,request,link,port,arthur,sosharvey
730,ppl,affected,hurricane,cnnheroes,organization,ucchangestheworld,wellerworld1
731,affected,hurricaneharvey,text,word,vere1nph2q
732,texas,dealing,harveyflood,remember,cash,xyzj8nbdju
733,helping,victims,hurricaneharvey,shipment,leaves,late,burkedfw,fb65u4bgaq
734,stuck,home,orange,texas,orange,orangetx,texas,hurricaneharvey,q6fz75xwxa
735,hurricane,izbd3qdk50,texasmonthly
736,prayfortexas,harveyflood,helpforhouston,hopeforhouston,cnidldvayw
737,victims,cbs58,teams,samilwaukee,tomorrow,phone,bank,raise,money,3ikbvirazp
738,brookhaven,metrocresthelps,harveyrelief,evacuees,desperate,food,supplies,donate,qzmipeqp9u
739,plusultra56,morning,beautiful,people,day,serve,houstonstrong
740,guys,kicking,ass,fucking,proud,guys
741,ppl,affected,hurricane,cnnheroes,organization,weller,world,ucchangestheworld
742,beachfrontfive,imani,msdemand,kwoolrich,harveyrescue,harveyrelief,appreciated,ukmjodyq02
743,collect,items,displaced,animals,items,dm,email,drop,51drqtvfwt
744,beautiful,people,day,serve,houstonstrong
745,texas,affected,hurricaneharvey2017,realtors,5su9rvfdfo,legit,nar
746,morning,donate,affected,houston,texas,houstonspca,xkso10rgku
747,beautiful,people,day,serve,houstonstrong
748,headed,west,recovery,i10,closed,4,miles,texas,line,jlacykf5hp
749,nkzpv1btik
750,dollar,generating,religious,donating,victims,don,hear,helping
751,council,sponsoring,hat,day,affected,hurricane,wear,hat,gjc0x4jzq5
752,amazing,animal,survival,stories,rescues,reunions,furry,refugees,5gmzovsuwh,people
753,disasters,people,animals,harveyrescue,p5ebohmu4x
754,helping,hurricaneharvey,cbijypqmgc
755,yauniexo,harveysos
756,senior,dog,hurricaneharvey,dogs,story,whufsle71x
757,donald,trump,accepted,mexico,offer,houston,flooding,victims,ycsvnjqoio
758,yauniexo,harveysos
759,folding,helping,evacuees,shop,helpforharvey,9gwvbf5mvi
760,photo,rescue,ewvm68m95i
761,texas,locals,dog,rescue,local,animal,news
762,hurricaneharvey2017,prayfortexas,helpingothers,7zr5n8wkhy
763,pregnant,cnn,cnn,nytimes,chriscuomo,realdonaldtrump,washingtonpost,rtkak2zrj8
764,yauniexo,harveysos
765,kellyannepolls,cnn,foxnews,cnn,crew,rescue,live,television
766,victims,hurricaneharvey,donate,nbcboston,hurricane,relief,drive,dbjr0co7q0
767,portarthurrescue,alt,noods,rt,protocol,rt,ing,brand,sos,harveyrelief,alt,noods
768,orgs,helping,sized,clothing,affected,hurricaineharvey
769,diapers,harveyrelief,amazon,makes,easy,search,texasdiaperbank,igv6bang9j
770,hintin,effort,country,biggest,stars,victims,hurricaneharvey,rnbdy8w2nv
771,fayette,mall,donation,tx,9pm,checks,salvation,army,harveyflood,helpforhouston
772,kayla,sister,patients,rescued,0phafmt2h3
773,thread,donation,opportunities,houstonstrong,helpforhouston,hw8hdnwl9f
774,diesel,brothers,victims,generates,overwhelming,response,bpxnqstyey,ksl5tv
775,redcross,charities,ed,victims,2y3nkpappj
776,landfall,port,arthur,east,tx,hope,rescue,txmil,guard,scrambled,location,louisiana,buckle
777,local,helicopter,squadron,helping,prep,aircraft,relief,story,geasmgyedz
778,uber,official,volunteer,emergency,rescue,boats,fb,shares,outdated,phone
779,situate,family,rain,lost,hurricaineharvey
780,food,money,housing,clothing,blood,9acmsnilzu
781,yauniexo,harveysos,gfn0uvzwlu
782,deadend,redd,repostregramapp,harveyrescue,york,york,zz2wlv5os9
783,2,chicken,burritos,boat,grandparents,rescued,husband,chickfila
784,liana,reminder,time,donate,ll,flying,friday,equipment,donations,harveyrelief
785,hurricaneharvey,victims,donating,redcross,oxanyfpdd3
786,texas,ag,producers,harveys,path,olssi89xt2
787,oil,industries,billions,reserves,cough,defray,costs,tax,payers,oilandgasshouldsavehouston
788,hands,houston,hurricane,victims,hou,standup,3pxinmgq43
789,helpforpa,cajunnavy,harvey2017,cajunarmy,harveysos,rmeroirxbf
790,information,portarthur,harveyrescue,rt,rescue,phone,kikx8rzlfj
791,harris,deputy,rescues,child,amid,floodwaters,13,000,people,rescued
792,nn2ekovyle,harvey2017,prayersfortexas,portarthurtexas,beaumont
793,emergency,setx,rescue,911,hurricaneharvey,share,daylight,rain,7qw8cyncp6
794,remember,human
795,uicchelm20
796,pray,donate,hurricaineharvey,uontibjya0
797,c8kosenlgr
798,feet,djt,helps,mightily,proposing,massive,public,project,ruined,texans
799,harveyhelp,fundraiser,hit,620,1,2,redcross,1,2,houstonspca,bit,b5jz3chzez
800,lennon,wednesdaywisdom,harveyrelief,juxfb5fw7u
801,arthur,volunteers,call,emergency,line,4098358757,rescue,operations,cajunnavy,hurricaneharvey,rescue
802,hurricane,relief,efforts,rve79yd1on,qaobxgpymx
803,harvey2017,texting,90999,10,donation,americanredcross
804,coordinate,rescues,port,arthur,boats,ssafdmzl3g
805,tapes,supporting,united,relief,fund,harveyrelief,community,rebuild,prayforhouston,bvcwde0idc
806,tips,links,updating,blog,storify,article,2,perfectchaos,npazgab8cj
807,harveyflood,coastguard,cajunnavy,wa7bv5tb5e
808,volunteers,bring,items,campus,jewish,community,vxii0tgsg4
809,time,coming,doctor,losing,weight,told,cutting,meat,diet,concerned,send
810,hurricane,tyylk7kfyv
811,hotel,restaurant,helping,hurricaneharvey,victims,ncrla,spread,word
812,helping,citizens,shift,responsibility,government,taxpayers
813,families,devastated,hurricaneharvey,signup,serve,samaritanspurse,jzzahcpoht
814,trump,turmoil,msnbc,bush,43,katrina,fox,news,clinton,emails,bbc,world,helping,houston
815,fqzzy9d2t1
816,chaz,delarosa,harveyrelief,thatgirlasa,harveyrescue,nytechresponds,12newsnow,cajun,navy,contact,spfe3peiuq
817,safe,buy,water,supplies,food,shipped,shelters,texas,louisiana,hurricaineharvey
818,supports,hurricane,victims,support,tough,times,donating,crvdzydvzg
819,portarthur,volunteers,call,emergency,line,4098358757,rescue,operations,emergency,hurricaneharvey
820,hurricane,north,texans,syavv5qa7d,dallasnews
821,register,people,families,dm,harveysos
822,mexico,offer,ambassador,mexico,bryhmr7iha
823,portarthur,harveyrescue,ykdzfhwjem
824,coverage,everyday,helping,praying,affected
825,north,texans,syavv5qa7d,dallasnews,hurricaneharveyrelief
826,mcdaniel,79,family,evacuating,arbor,terrace,senior,center,call,nrg,0lflsp35ng
827,helping,rescuers,connect,people,chaos,znseudmiyv,mashable
828,panama,invita,al,conversatorio,con,guy,conoce,sobre,conservaci,de,especies,cnicas,sostenible,wc5k8xdicz
829,fanslooking,hurricaineharvey,relief,effort,text,dash,66866,bid,ftbhycghcj
830,90999,send,10,american,red,cross,affected,hurricaneharvey,cav8uz2ccw
831,helping,victim,people,pets,animals,hurricane
832,hurricane,relief,efforts,rve79yd1on,x398armeaj
833,potus,flotus,seemless,transition,victims,continue
834,hurricane,relief,efforts,rve79yd1on,b9t1el8sik
835,friends,gftw,donations,hurricaneharvey,sam,club,wards,1p6p,friday,9,1
836,portarthurfire,uscg,cajunnavyrelief,sos,emergency,kugvnnvbrs
837,bestcountry,helpforhouston,hurricaneharvey,humanity,hereo,9xnjlomqtq
838,p8,nasjaxmwr,ready,leave,search,rescue,nfdsu6yxce
839,swift,water,rescue,team,wellearned,rest,helping,hurricane,houstonflood,zfhae3g1ks
840,houstonstrong,bostonstrong,a4jtdcfypt
841,dog,rescue,lumberton,texas,street,moms,house,qptydgrlbc
842,map,include,ph,16jql3zqeh,pls,pls,site,register,rescued,pls,rt,rt
843,hurricane,survivors,zello,app,cnnmoney,t4lfl1utli,tech
844,forget,tropical,storm,people
845,bvga9nnqjd
846,brock,agency,louisianagov,prepare,deal
847,hurricane,donate,caryejbkoy,forbes,eiti6aksxv
848,list,individuals,helping,beaumont,portarthur,harveysos,odkpejzc6k
849,moment,horses,rescued,hurricane,flooding,nlxwjfe63i,mailonline
850,heart,american,companies,stepping,plate,damage,prayforhouston
851,god,hurricaneharvey,remind,strive,fellow
852,guard,2023722100,port,arthur,rescue,4099838622,usairforce,9045532185,portarthur,hurricaneharvey
853,13k,rescued,14,armed,robbers,looters,arrested,thug,shot,breaking,house,klnhccbxcw
854,hurricane,relief,gofundme,campaigns,hr8hluxqrp
855,osteen,shuts,megachurch,amid,flooding,crisis,dq2lgkxali,words,harveyrelief,helpforhouston,christian,church
856,mapping,relief,volunteers,tasks,ppuop2mtke
857,guys,helped,kv8wxbqbli
858,caq2s7s9qb
859,harveyrescue,rt,rescue,list,tzznixkbra
860,harveyrescue,rt,rescue,list,kbhphzvrha
861,harveyrescue,rt,rescue,list,sh0mj7vrsa
862,harveyrescue,rt,rescue,list,uqy7lthfzt
863,harveyflood
864,recover,hurricaneharvey,easy,stopping,starbucks,mak,7cuidfk99d
865,news,read,lot,articles,hurricane,dreamt,happened,trapped,house,family
866,community,labs,post,houston,vtur2ayvyw
867,country,hurricane,trump,talks,build,wall
868,annieyufox5,check,aforeverhome,heading,texas,animals,ehrgviu9wc
869,donate,victims,hurricane,6036419009,amount,wmur,telethon,n4pv4vxlt7
870,rescues,confirms,humanity,loads,compassion,left,heart,notberkley
871,helping,victims,hurricane,druhylxfwx
872,raise,1m,people,texas,redcross,harveyrelief,crowdrise
873,residents,contact,cajunnavy,fill,form,12newsnowharvey,setxstorms,d4stt4mpvd
874,prayers,responders,helping,flood,stay,safe,eli,harveyflood,lqtgrvukdp
875,dogs,left,family,boat,due,rescued,ksub5dhhiy
876,pro,shops,donate,80,boats,rescue,efforts,ks7kgi5po8
877,helping,guy,mon,happy,listen,bama,rob,heather,6iaegdpi6p
878,texas,wake,people,blm,hurricaneharvey,od9ann3arn
879,victim,feeling,retweet,harveyflood
880,harveyflood,relief,efforts,3sfrza3sfr,houstonstrong
881,hurricaneharvey,sjmfqtf4g2,texasmonthly,harveyrelief,houstonflood2017
882,tips,lz6cyx5v6g
883,helping,communities,affected,hurricaneharvey,8isol7xngx
884,helpforhouston,zhnv2zudpz
885,houston,fire,ants,demon,mosquitos,harveyrelief,helpforhouston
886,2,wilkinson,rescued,trailer,memorial,blvd,inches,filling,completely,setxnews
887,update,responders,searching,people,google,heat,maps,calls,coming
888,chicovia,houston,surviving,hurricane,water,subsides,blessing
889,helpful,tips,links,storify,update,ajscrjxjt9
890,helping,people,affected,hurricane,calling,1800redcross,texting,90999,shorter,fb,srvntldr
891,clothing,drive,victims,hurricane,helps,continued,support,vkguqsxzyl
892,updating,211,harveyflood,victims,everyday,simply,dial,211,text,zip,rsoqsldjzc
893,cafe,grill,participating,efforts,victims,hurricane,accepting,donations,tweet
894,rt,tweets,texas,pls,don,reply,mine,reply,tweet,attached,xzovzsk66v
895,neighbours,form,human,chain,rescue,woman,labour,trapped,floodwaters,p3fddmqiog
896,road,recovery,begins,ready,neighbors,houstonstrong
897,location,remain,closed,friday,ready,office,recovery,hurricaneharvey
898,midst,hurricaineharvey,texas,knights,helping,communities,houstonstrong,jgtxd23izf
899,realdonaldtrump,2,recent,examples,science,helping,predict,1,eclipse,2,hurricane,cult45,deny
900,local,clothing,toy,drive,wkend,victims,driven,texas,fmnrrpw8en
901,stories,rescue,raising,funds,inspiring,strong,heart,americans,u84m0ubo1u
902,helping,victims,people,pets,animals,livestock,hurricane
903,midst,hurricaneharvey,texas,kofc,helping,communities,houstonstrong,6mjzctmrz8
904,personnel,helping,hurricaneharvey,disaster,18,firefighters,1,search,dog,carrie,reyes,emergency,mgm,5shaidwwes
905,muslims,helping,victims,hurricane,radu7hid49
906,146aw,fly,rescue,teams,support,victims,hurricaneharvey,kmstvnshne
907,click,donation,funds,victims,hurricaneharvey,greatergood,e0rslfxr8g,utarvjwm3c
908,people,money,helping,hurricane,victims,matter,donation,donation
909,tweeted,reporting,people,trapped,stealing,food,police,twitter,zmbyustf2t
910,victims,hurricane
911,boat,rescues,golden,triangle,harveyflood,appze7kfp5
912,word,18th,airborne,corps,troops,deploying,houston,abc11
913,baking,company,vacaville,helping,raise,money,hurricaneharvey,relief,vt7ixy6ql6
914,ceo,announces,3,million,donation,relief,9z7nnrnegr,leadership,csr,helpforhouston
915,natural,disaster,history,vbai3v464q,usatoday
916
917,ready,sell,baked,goodies,homerfund,hurricaneharvey,tuttlelouis,lmcmilian,jr88gszxbg
918,comments,original,tweet,texas,hurricaneharvey,giaisslxgn
919,link,shared,affected,hurricaneharvey,7db6rsvjzf
920,joelosteen,speaks,claims,church,ve,helped,victims,earlier,true,dm2sueaka6
921,harveysos,prayforhouston,prayfortexas,portarthurtx,hurricaneharvey,sendhelp,wdyi6iqihs
922,portarthur,boat,launch,morning
923,falls,involved,harveyhelp,cq8xqgrukt,phs9sxducy
924,cats,streaming,tonight,support,hurricaineharvey,victims,donate,information
925,victims,swbnfktybx
926,helping,people,lsctomball,startclosegofar,qa6gmjp3vd
927,city,direct,link,donate,helpforhouston,houstrong,fp46s9wkir
928,houston,impact,pouring,heart,topepe98r6
929,muslims,mosques,shelters,victims,7ytt6jrtkg
930,bringing,items,listed,ensemblecowork,tomorrow,qcl30jrbxk
931,journalists,govt,workers,police,fire,citizen,rescuers,immigrants,txwx,houwx,hounews,72tkztbxpm
932,muslims,mosques,shelters,victims,5kfb7mpyal
933,makes,impact,harveyflood,disasterrelief,hurricaineharvey,helpforhouston,ldh3eokzln
934,donated,32,austinpetsalive,equinerescuenet,hurricaneharveypets,idontknowboutyouimfeelin32
935,prep,school,affected,hurricaneharvey,distributing,famdg4qfm9
936,damages,hurricaneharvey,expected,reach,160,billion,s4s6yrb5if
937,helping,meet,thousands,survivors,impacted,hurricane,1tc6w5xm42
938,communications,accepting,donations,affected,hurricane,attached,photo,he49owi0kd
939,putting,life,allstate,steps,loss,dbqq9f3rbo
940,harms,rescued,hurricaneharvey
941,hurricaneharvey,houston,pray4houston,prayforhouston,helpsomeonehelpsomeone,lv5hbz0qhh
942,apple,anheuserbusch,companies,helping,victims,nkhn1kwmif,mashable
943,people,louisiana,seeking,georgia,texas,nose,louisiana,katrina,harvey2017
944,muslims,mosques,shelters,victims,mic,ttpqkgm2x0
945,100,hurricane,relief,efforts
946,pray,victims,hurricaneharvey,send,links
947,hurting,prayer,hugs,resources,time,unity,peace,hurricaneharvey
948,city,grateful,ppl,hurricaneharvey2017,wuvuw462dz
949,musicians,helping,texas,friends,hurricaneharvey,houston,livemusic,check,facebook,info,p1f2hhmcvv
950,family,rescued,4318,kylewood,ct,port,arthur,tx,77642,hurricaneharvey,tfj4qtgflo
951,story,helping,ukmyox5rcv
952,happy,hear,thousands,people,animals,rescued
953,kindnessmatters,helpforhouston,harveyflood,jdp6fithbf
954,donate,victims,hurricane,givelove,harveyrelief
955,trouble,human,pray,pray,usa
956,affected,vetted,local,orgs,cameras
957,punter,bradley,pinion,helping,raise,funds,convoyofhope,impacted,hurricaineharvey,flo,uqpwv55jn6
958,hurricaneharvey,check,ridersbaseball,details
959,focus,bad,ridiculous,amount,people,helping,donating,harveyrelief,theworldisnotabadplace
960,hurricane,joining,supporting,american,red,cross,f6o7scvwk8
961,affected,hurricane,visit,zxo34ogly4
962,muslims,mosques,shelters,victims,texasstrong,houstonflood,harveyrelief,pjufkgmnda
963,collecting,donations,affected,hurricane,surrounding,communities,r90jjnpbls
964,houston,hurting,hurricane,qkcm3cxxst
965,arlingtonpd,officers,leaving,families,homes,rec,v16kpe0agg
966,harveysos,smij9sgwco
967,album,sale,victims,hurricane,charity,scjivwbtcr
968,houston,hurting,hurricane,evj2wdzglt
969,linda,sarsour,hurricane,relief,scam,artist,grifter,dpin4l5r0v
970,friends,texas,harvey2017,mess,yftvfkysn7
971,50,minimum,donation,helping,hurricane,victims,nf0kkirrm9,po,st,fuckthisguy,redcross
972,prayers,hitting,louisiana,bodies,recovered,people,rescued,harveyflood
973,fox4beaumont,portarthurfire,khou,tlxmuxeykw
974,harveyrescue,qg1tabtyjo
975,cost,dallas,8,million,hurricane,katrina,cost,6,5,million,houston,helping,reimburse,fox4
976,harveyflood,harveystorm,qv7lqciiyd
977,court,bmccarthy32,kikehndez,rt,harveyrelief,fundraiser,dodgersfam,sending,5efqninnzk
978,donate,red,cross,victims
979,sucks,inspiring,people,communities,coming,helping
980,mehnotdead,alt,noods,sosharvey,spaka5joy1
981,call,sosharvey,8b7svp1dsh
982,port,arthur,texas,kk7gtvsuks
983,social,media,911,fails,z9qxxwxsvv,connpost
984,affected,continue,donate
985,harveyrescue,har,kaohmqs31p
986,list,trusted,organizations,helping,hurricane,victims,vcpaby942t
987,d8kzwz63q7,hurricaneharvey,helpforhouston,hopeforhouston,houstonstrong,hurricaneharvey
988,affected,continue,donate
989,bit,helps,encouraging,donate,houston,hurricaneharvey
990,talki,mexico,main,focus
991,fellow,houstonians,recover,beautiful,ring,925,sterli,f2amdtummw
992,organizing,victims,texasstrong,humanhandssolvehumanproblems,dofortexas,doforhouston
993,rescued,prayers,texts,phone,hurricaneharvey,portarthurtexas
994,eric,klein,founder,ceo,candoorg,donation,disasterrelief,tx,louisiana
995,furbabies,furbaby,parents,affected,hurricaneharvey,spcaoftexas,croh5jpbmi
996,victims,san,antonio,sa,food,bank,coordinating,dona,qnccr5kmhl
997,dinner,coffee,dranks,em,harveyrelief,austin,qu6zvai8qm
998,people,affected,hurricaneharvey2017,verxph3qtx,pds,match,20,000
999,signed,offer,home,hurricane,evacuees,step
