"1	durvidimel funni mani us convo past week get fun folk"
"0	squat husband"
"0	vcsprep gavin beerup adjust new role wide catch td pass kai roja"
"0	iammikehunt01 ogscrappi kameronblount4 fr tho"
"1	rudi_99 mcmahel benrothenberg stefmylestenni carole_bouchard think beij tournament much better c https tcocfvmrakdto"
"0	alaska thunderfuck septemb 14th https tcogiw3krxxsc"
"-1	dayday14_ live life like"
"0	golf_com full year lesson"
"-1	hate lot peopl life rn"
"0	dream"
"0	still believ saw man like odd"
"1	soto thank the_mrs_soto amp thank javiersototv give us hand flow night https tcoop53viybpd"
"0	repair make nosenergydrink sjmracing17 haudenschild_17 readi tag rear field"
"0	sadboyanim chloe_greeni imagin"
"-1	best red bull best turin wow suck"
"0	gun kind question answer releas bodi cam video https tco1wbd5qtwsf"
"1	htx_lindslay thank youuuuuuuu"
"0	today workout quick dumbel curl need haircut soniaralynn arm day seattl washington https tcojjbo752i7k"
"0	downtown san diego san diego ca https tcokcjrh5bbeq"
"0	anoth reason someon come see jimmi kimmel live"
"0	chelseaclinton whoever say go back prero kavanaugh overturn anyth himselfyou https tcoxf12pzwpoy"
"-1	disgust peanut butter ultim winner"
"0	good friend call ry guy use usernam lot place someon steal user https tcoq2ymdjga0i"
"0	4freedom"
"-1	like tast cilantro get fuck planet"
"0	spitgoat epic"
"-1	get outta post pic aunti nigga damn"
"0	rocessglenn deztm5 dennisgmoriarti bettemidl oh want tri way countri trie https tcosj7mahiq3v"
"1	bffs comin lfk tomorrow yay"
"1	purpos"
"0	pbranch14 realfirenun janzforcongress karma need catch traitor"
"-1	sityxrg boy dumb"
"1	believ day without laughter day wast newyork nyc instap instagood top https tcou51p1umen8"
"1	gameday https tcojy4cwfrdym"
"0	everi song 6lack new album https tcoocfvvyk0ir"
"0	oh togeth togeth act like"
"0	get rank"
"0	defens hold central kitsap go win https tco4js0ngbbtl"
"0	vibe fr fw fw"
"-1	piss anyth tell someon ask someth get https tcorfhfycjflm"
"1	n0usrnam love"
"0	hananjocelyn say never"
"1	bless amp heal https tcopwxi7zdq58"
"1	katarichardson pamelaely5 bradhar1980 franklin_graham amen prais jesus prais god"
"0	dri ice cure high_times_mag cannabisiatv originalston"
"0	https tcougdfrqglyt"
"0	appl fall far tree happen tree mixtur idiot batshit craz https tco5m7b56sjph"
"0	want good consist convers"
"0	interest loss predict us dollar bank england result trump brexi https tco0lbpdhcuil"
"0	acid wow final"
"0	_sjpeace_ cuff gun help"
"0	designmom threadreaderapp unrol"
"1	anoth fantast week fabul firsti room concordprid https tcom2ayhp9dyn"
"1	possibl brain amaz hindranc happi"
"0	nef pharoah vpd"
"0	blond balayag sandreezzi hairninja volumeiii haircolor balayag blondebalayag blondehair hairgoal https tcokmwcl3nfuu"
"0	asjiaon clinton quickest reach5"
"0	tri find game play https tcoqawi0tg11i"
"1	spend last two week celebr two amaz ladi 50th birthday exhaust enough alreadi https tcojgbhnexsqx"
"0	gailendavid gfallar donaldjtrumpjr kathygriffin think kathi griffin comedian humor"
"0	report lmfaooooo"
"-1	everi fuck day"
"-1	mind ya busi damn"
"0	marcdamon1 anoth one"
"0	femal real life b act delusion"
"-1	feel person attack"
"-1	jump bandwagon make super bowl though dam late"
"0	get friend like __sadk https tcoit6sp5e1iu"
"0	6lack album 1010"
"1	girl like lil peep get best putang"
"-1	kind feel sorri one guy post nextdoor multipl time day"
"0	rajableedsblu mad respect man stunt take big one gobronco boisest https tcox3efmumamj"
"-1	good use"
"-1	back hurt"
"-1	elmyr local bar ya fuckin yuppi"
"-1	start care less"
"-1	nywolforg mother work ever do"
"0	mzee26 watch https tco9o1aboj7gj"
"0	tatatop woah"
"0	anyon go sdsu game tomorrow"
"0	go keep grind work"
"1	tmcgonagil thank inspir miss class"
"0	kirinwgren definit jon hassel chrome vinyl"
"0	coach"
"-1	miss lmao"
"1	soupgrrl buy cute"
"0	katpaskin realiti sure simul point elon musk"
"0	sing tomorrow today real literari tomorrow"
"-1	stall take metformin medic damn motha fuckin mood shit man"
"0	young pretti fli smooth glorious kid bad boy like notori big"
"1	dsmizzl atlantafalcon lol yea feel keep open mind see happen futur r https tcowjtyjdecej"
"1	_kenziiiee thank god chang lawd"
"0	real friend mani us"
"0	tell guy roomi still thirsti also need medicin https tcoqfn7om3aw0"
"-1	currenc cool ever hit frkm back verg immin death"
"0	belisa_acosta quinonez_paola_ bro"
"1	good true"
"1	emnajeeb congratul najeeb"
"-1	nite get ice coffe milk creamer almost break foot instead anoth fractur"
"0	say karina"
"0	feel"
"0	post photo southsid atlanta georgia https tcon3lhgx0b3r"
"-1	smoke weed everyday natedoggvoic https tcok5pco52ajo"
"0	catch movi white boy rick think go definit see"
"1	scream happi birthday babi love love good day _eryyyyyy"
"0	citi bind"
"1	dil amaz week wit racist remark step way comfort zone speak https tcopqh5jbqlca"
"0	find urself adult ur drink af asleep 1200"
"0	blaackdiamonnd im tf dead"
"0	get text back plus"
"0	kellyann husband enough"
"0	look shrek soundtrack right go hard"
"0	way adult life set write diari faith"
"-1	end leav alon fked world like sit duck terrifi desper pray https tcot70uownizm"
"0	septemb day leave"
"0	way go lmchoate27 clg915 _mullins33 ball tonight bleedblu"
"0	hoarsewisper oh much"
"-1	bodi hate"
"-1	everytim go social event rememb hate social event"
"-1	lmfaoooooo get damn"
"0	hit blunt look star"
"0	final central kitsap yelm wafbscor"
"0	realdonaldtrump abl respond compet storm hard job https tcomlko29ad60"
"0	thefinessecyd song"
"1	great day success share celebr million dollar babi mcortezthd327 lknappd327 damonbever327 https tcofu2gmx1pyq"
"0	andylassn dick pic"
"0	go drstacylspenc tower center memphi https tcohlxbg2mvti"
"0	hey wafflehous put one fine establish tacoma wa sign friend"
"-1	burden holi crap"
"0	dagodfather1914 slimshadytime21 eminem rosenberg shadyrecord mrporter7 royceda59 eminemchart https tcoqthtsjshlp"
"-1	ball end choke paranoid"
"0	want need"
"0	late night read eci domin portal 420 overcom penalti yard bulldog https tcoyvr6teetnv"
"-1	sleep miss puppi much"
"0	kwhite1_ deebstylin ggfazo fact even onna footbal team stfu"
"1	thegreatkhalid fuckin kill thank surpris"
"-1	oh god dramat anyth bitch would die"
"0	red dead comin also 2k"
"-1	nigga tell bobbi valentino bouta perform tailgat brentwood bitch"
"1	hyimjen tonya_stylz gerardcosmet know right realli start give deliveri person tip snack someth"
"-1	shaynajae123 workin hell time sucker"
"-1	pretti fuck bore"
"-1	happi saddest lie"
"1	kris_rt90 marlenastel thank kris"
"0	hope get hoop today"
"-1	stop make feel bad whenev act extra let anyon suppress presenc anymor thank"
"0	thewanderernew mcitlfraphor amen"
"1	https tcog4ledklrwo ap tri realli report inform factual thank"
"1	nice win tonit bowmen"
"0	lope goal number zach bennett get do deficit 837 go third"
"0	great meet dave_heek see next pep ralli 1063thegroov"
"0	thing happen life endreit mour peopl surround tie iss https tcowmxkpa0sod"
"-1	ugli gut feel get like get someth bad alway happen"
"1	liter go miss whole launch window delta work great"
"-1	understand insomnia bullshit like long becom actual zombi smh sotir day2nosleep well bare"
"1	final go begin right go make happi go stop worri https tcokzq4blzono"
"0	seem old recycl tweet anyon els see"
"0	happen ya bestfriend 6ix9in pedophil"
"0	ibrayner_ like last year lmao"
"0	ignor think opinion peopl far remov situat make head explod stayinyourlan"
"0	wonder algreen go weekend"
"0	kaaayluuh honest troll lmaoo"
"0	turtl need drink"
"-1	aircanada wait claim email realli mess thing everi time happen los https tco0zjlpyral0"
"1	arriv safe famili fort worth texa https tcomdqjrqxdco"
"-1	jrubinblogg late"
"0	say lmao"
"0	sometim best memori make take pictur"
"-1	sad back short day"
"1	thank fuck friend thank get shitti ass week https tcoirlkuqiuwv"
"0	think tiffani barron trump end free citizen"
"0	favorit part get massag end therapist basic tell earli onset rigor https tcoho0gdd99rk"
"0	artemixez beachlif momsbday sandwrit malibu malibubeach yes get video shoe get https tcoilgz5vmopz"
"0	like band gypsi"
"1	yseldaaa love yselda"
"1	tri n vega good hype af good"
"0	codienethedream"
"-1	absolut terrifi"
"-1	lose interest freak quick especi energi right nohardfeel protectingourvib"
"0	youngbridg cam get outta"
"0	someon tri open"
"0	themanhattan og lacountyfair lacf2018 fairkick route66 endofsummerconcertseri calilif w auntsandi g https tcoqpkzi1ffz"
"0	lem finish watch luke cage netflix"
"0	okay mayb want boyfriend littl"
"1	simpl favor sooo good need watch"
"1	newmoongirl thank blog pretti great happi like work"
"-1	im long nail depriv im hurtin hurtin bad"
"0	kassydillon still talk cactus"
"-1	maaaan somebodi tri get kill"
"1	heart heart convers today ive balanc ever sinc"
"0	bakedappl organ sweetreggaemus much better get need icecream molino fl https tcobhtbgah3wd"
"1	correct final fife 430 wafbscor"
"0	tramyers_nhl tracey hawk go announc corey retir time"
"0	deadlee2213 oh man cut fork melt chees amp meat juic high qualiti fat come ooz https tcowjpxpnq2q5"
"0	almost time soccersunday upon us make sure regist platform pay https tcoal05krrirx"
"0	cmon sjmracing17 team get get haudenschild_r haudenschild_17 back en finish https tcoea8v8tbbm1"
"-1	take anoth shoot everi time see damn fila"
"1	support"
"-1	punish mom accus let son run cat car https tcognbzux6q60"
"-1	realli god antuan simmon god histori ancienthistori oldhistori historybook histor https tco7judcbq8z"
"0	right say categori obvious categori one still damag citi suffer https tco4mvbr9u4m"
"0	nnyve"
"0	pree sleep allat hype hisself"
"0	tho"
"0	give time give space still believ would way"
"0	kick da curb"
"0	hansonmus zachansonmus taylorhanson cisaachanson amaz show thebigefair especi love sec https tcouq1proj9ji"
"1	imma sleep good tonight"
"-1	miss gf"
"1	hope nc sink sea love state pretti weather nice"
"0	_kimchanel_ know get deal scott_ceoofsuh call old time use lol"
"-1	wait person say bill hill abort disagre chelsea sup https tco9itdv7thmc"
"-1	sleep"
"-1	okay babi fever real prepar one let stop"
"0	aldny23 rheffpsd briangilbert09 psdathlet dvholmespalisd exclus oneonon impress"
"0	patienc 100"
"0	fourth quarter get start 2010 lot great effort gridiron tonight"
"1	derickpaul good morn derick enjoy day bedtim"
"0	outonthemountain sixflag gayday boyfriend six flag magic mountain https tcobstvbbjrp4"
"0	touchdown first half donovan ferguson tonight tie school record avsundevilfb roll dferg https tcocy7nrimnyn"
"0	onlybtobform read english translat twitter rts know melodi yejiapsa yess https tcoxmzkjzuqsu"
"-1	sad true"
"0	sure us readi trojan4lif fighton"
"0	"
"1	dancekotad welcom"
"0	splatoonnew aaaah tast fashion chang often food crave constant choos"
"0	whippani"
"1	stay best read els word presid do countri year https tcol593tuoan3"
"1	alyboo315 krassenstein ohbekayb realdonaldtrump nike kaepernick7 good https tcofeflcbaco2"
"-1	convinc point friend one care"
"-1	real life piss"
"-1	feel person attack"
"-1	waver earp sweet littl lesbian watch wynonnaearp hate happi https tco9za27n5wc8"
"1	raisin bran crunch bitch lmao love"
"-1	lowest"
"0	realdonaldtrump putrid soul"
"0	realdonaldtrump maryannminnich1 erica live us https tcoqcv5nukd5x"
"-1	want rock littl red dress skin fuck tight"
"0	first realiz brooch pronounc broach also happen talki https tcog3ggucm9tk"
"-1	italian form straight trash man"
"0	mulanileah mood sis"
"-1	music tast suck one understand peopl hate russ much"
"1	renegad inspir king queen dare dream bradley cooper gypsyneonqueen https tco42p4glxc6a"
"-1	whew miser"
"0	realdonaldtrump ingrahamangl bet state right"
"1	come rain come shine alway come bobcat thank ourcelina https tcodyz4p8kbuh"
"0	kmariah_ even light"
"-1	bad lil ting https tcocyeenl7rij"
"-1	hair stop fall postpartum someon plz send help"
"-1	dsimonmd dmjay madfriar davidaltondodd would high doubt never"
"0	help run back wayn vers jayz mr carter everytim"
"1	oh go tell refer also happen cool af"
"0	"
"1	freak love friend"
"0	viirajttv aight"
"0	annvanderm ffs today"
"1	thank god drink come lax want pass red eye flight lmao"
"-1	fr want die"
"0	third pic cute af thank dawg"
"-1	hate girl like passion"
"1	kid amaz love support besttimeyet tenac https tco23dvzwlnsd"
"0	dinner friend pay 7000 month apart sf insan luckili roommat still"
"0	meet parent say like https tcolom2lqksu"
"0	watch mayansmc"
"-1	get ass gotdamn em"
"0	fauxrealdo exhaust"
"0	sex ya boo see gt gt gt"
"1	fuel fire combust"
"0	kydizzel smittyboy21 pug hair chest hair"
"-1	pretti sure collaps die middl work would still expect work"
"0	first time life diet anyth go life"
"0	work 530 tomorrow sooo"
"0	2orr yeth"
"0	yike vintag pack weekend two event even make onto la flea calendar luckili https tcoxqusaexnyy"
"0	career work hr shift day week would lot imahustl hardworkpay"
"-1	realiz absolut fuck icon nelli furtado like good lord"
"0	ramirezorozco truli war incred fight unreal orozco hang want see ramirez ppv card trbox"
"0	finish bottl jameson tonight gon someth els"
"-1	dear realdonaldtrump shhh wish ill pleas stop funni cute anymor kn https tcoiwguy45wj"
"0	main gate villag apart maingateaptsaz tucson az https tcoq7tmskflpw"
"0	nprinskeep oh gee somemor fake news lyung sob patholog liar news mefia rag borrow friend https tcoh6fwsczjou"
"0	highway trend houston https tcoog6otkpn7c https tcojlwoi7enq8"
"0	brother mrdrewscott come back sacramento unabl make last book sig https tcocmlc130yhx"
"0	mistermurica public_citizen moveon marchfortruth17 theloyalo normeisen stollmeyereu benwikl lolgop https tcomyecc8ckpz"
"0	think tlop 1010 album shpuld seek mental help"
"1	happi long ass time im lovin everi second"
"1	song reliev much stress past coupl year listen almost religi everi fr https tcongmx4auacc"
"0	idk tryna play"
"1	kellie_pricel happi belat mama"
"1	one peopl propos boyfriend today say yes"
"1	love jason derulo entir heart"
"-1	homi young sinatra fuck finest"
"0	mix tonight check matthewkgrac tomorrow night cover charg cater eltaco loco po https tco2hrpagoct"
"0	wack"
"0	need"
"0	wellacr newr red purpl spivey lane salon https tcohawyak9eek"
"0	e_iversonii therickwilson clear understand poll mean ish point"
"0	percuss peopl"
"0	chris_warhol gotchu root spur tomorrow morn"
"0	bro cleanest yeroc merch idea tryna make gwap"
"0	lmao bet"
"0	drbobjk mediait find father statu talk"
"1	jlist funni mention actual bing season right love see hotaru get https tcosnkcsrseyk"
"0	still hot asf hous"
"0	1600deee ass burn"
"0	ggg corner echaleganasggg claim corner tecat send remind tunein https tco97atbxndeo"
"0	go mall one thing walk empti wallet"
"0	exact reason ashevat"
"0	gratwickprodinc brave tell stori come forward year ago"
"-1	mean rapper mean sad one damn mean canadian drake"
"-1	nigga want block shit"
"0	sooooo jimmiejohnson https tcokzx8zq6vrg"
"0	werk dat fendi face fubu booti thr sagaftra emmi nomine parti avra bever hill https tcoovplq0et3z"
"0	never crave sweet rn"
"0	cnn forget word illeg tell freak truth poor report cnn cnnsuck"
"-1	madddie_af hate hoe"
"0	get rank name"
"0	thebonfiresxm dansod bigjayoakerson get take siriusxm build break stair zombi https tco7n6jjvggex"
"0	guy byronship23"
"0	like get wrong dedic manhattanit much next person stay longer would probabl"
"0	greenpeeps5 danrath feel say use hear kid pretti fit tell friend https tcoflv1psinru"
"0	rachel bay predict genom vulner climat chang congen18 https tcoczfxchjse9"
"0	rachel7remn yeshua_porvida drawesomestudio way cool one even year ago oh word th https tco076oruv4iv"
"-1	season chang worst skin skin condit act face liter burn hurt bad"
"0	hair growin amp idk wit"
"-1	nigga act like bitch hectic"
"1	like orozco trend"
"0	senior year last movi"
"1	chocol ever disappoint"
"0	melt heart"
"1	day come end rope god take hebrew 135"
"1	laugh loud know room would immedi friend even though might la https tcogrucp9enz"
"0	listen nicki minaj time amp word play hit https tcoopfg62inug"
"0	jodackblack use offic afterward mayb go lunch https tcokgiuk7xcck"
"0	meghanflood_ car time"
"0	bring tila tequila back"
"0	age perspect"
"0	mueller investig send peopl jail collus https tco0bvd9wodtp"
"0	get want"
"0	take screen protector vulner right"
"1	worldrhinogroup best"
"-1	terrifi"
"1	janyuhh felt good scream like lowkey"
"0	jamesglaub joey freshwat mobil still pick florida colleg chick"
"0	get room"
"0	birthday week away"
"0	funni bare know guy paul"
"-1	xnicoleanistonx damn site love nicol make day wait stupid hurrican roll"
"0	scottpresl retweet despit inabl open origin post"
"0	lishx0_ aye put"
"1	besti boy band favorit marri mean still want look good"
"1	say greatest day ever thank mas notic name tag backward ruin gre https tcowtj4nt2sgu"
"0	parker curri game final cal leagu championship one listen https tcobvabjuohhb"
"1	man handsom ugh love"
"0	playbiii boy"
"0	cure ill mexicancur https tco83oe67q00f"
"0	burn piss leg drop fresh outta microwav stouffer stuf pepper yay"
"1	expert look like amaz form"
"0	cuttttti"
"0	want visit noho"
"0	byulima alllibertynew katyoldenburg gop lpnation understand care anyth tran https tco9je1rvyluz"
"1	happi birthday brotha mane turn enjoy day also enjoy love bro https tcovfpqhgacg0"
"0	one day eat much hurt"
"0	allow write star bear unless acknowledg ayo bop"
"0	chill vibe chill music good meal smoke"
"0	mmmm seem must know anoth booker definit describ booker nj"
"1	eat taco bell year everi year combin move suburb korn still best band ever"
"0	drarthurjay jennyenicholson would lindsay elli descend insid joke dress https tcokdhzeqr7dj"
"0	slick_teddi exact"
"1	ador partner much much"
"0	ggg corner echaleganasggg claim corner tecat send remind tunein https tco5fh4mogjri"
"0	roomi let us wear overs nike tshirt bless anna_kaylee18"
"0	okay lem start hair bye lmao"
"0	bro alway get ulterior motiv"
"-1	heckhamm actual go page see real dr phil account holi shit"
"-1	get flu think holi shit sleep hour day freez cold"
"0	jack"
"-1	worst luck ijustwanttoshow"
"0	alreadi get money lsu"
"0	queenjaaaaaaaay right go see face everyday da snap"
"1	thank bruddah"
"-1	swear nigga know tweet like w shit realli pussssi real life lol"
"0	billkristol rhetor"
"0	6lack"
"1	jeremyoberstein metrolosangel think pretti brilliant"
"-1	lorenzoburnett1 creep"
"0	tri think act like want deep insid shit lie https tcojajdfmmrn0"
"0	go think crazi think get enough time delet"
"0	yo smokin tonit check whatyousmok cigarchoic ilovecigar cigarsaremylif https tcoezsxkvi8io"
"0	admiral_pizza mild"
"1	pray florenc famili"
"0	matt easton roy g rainbow https tcopkvy5lypdv via youtub shit hard matteastonmus"
"0	third gym time https tcoonhehgbndc"
"0	the_snead word cherrycok"
"0	aball42 1012 believ"
"0	know find photo guy dming ig use h https tcosajbhkek12"
"1	sebrinariann happi birthday pretti girl"
"1	may god bless keep alway may wish come true may alway other let other fo https tcoqqyi0sddzt"
"1	best ahsfx ahsapocalyps theori ahsfx fan love specul right evid fol https tcow47sqs3fsb"
"-1	bitch lil thick ok"
"-1	ok stomach upset"
"0	930 pm edt w princeton johnston co nc emerg mngr report flash flood progress church rd wash ou https tco7vdonrtg9i"
"0	ope"
"-1	zack52_ right fuck go od"
"0	writegrlprob orwellngood search repli find heart"
"-1	think heaviest night run pleas somer sleep hour"
"0	much nigga much hoe"
"0	go bathroom hair earlier today grab razor toothpast week go"
"0	thehil ugh"
"0	af"
"0	video see pig riot fest almost cri https tco95joc89cvd"
"-1	realli need someon right"
"-1	today eat weight donut livingmybestlif"
"0	look https tcokupezr8arc"
"1	denise_moreno17 love"
"0	ride teambandl lemon hardfest discov wonder fuck awesom"
"0	wash friend midnight"
"0	saraswift22 googl petrodollar understand everyon take dollar china amp russia tri undo deal https tco2l4mxglgxw"
"0	say daddi eat sleep"
"0	miss"
"1	dee_tnkfir happi birthday darrius"
"0	crumb"
"0	jimmeraz block"
"1	hollyho05044247 goodnight command goodnight holli nice weekend see sunday command pall"
"0	shut kiss https tcoa6y2ul6e1a"
"0	alikat cafe septemb work experi https tcoiebqbd2azf one thing get https tcoq1mqvkbe55"
"0	turn tv ted play featur mark wahlberg honest even surpris boston"
"1	nas happi birthday yo"
"0	guess photo shoot outsid w morn https tcoacvtcfjrtq"
"-1	know someth happen childhood hurt rememb detail mom realli tri https tco9rgg5gnn4h"
"-1	funni"
"1	friday night ice cream night phishfood https tco2igx25a9g1"
"-1	realli wast last year life"
"-1	sleep overr hell mfs wast much time lmao"
"0	sipmarion go run"
"0	texa state board educ turn hillaryclinton obiwan kenobi strike shall beco https tcoohodrb0umx"
"0	hpicchion parscal erictrump realdonaldtrump kid eeeew"
"0	never sleep night game"
"1	princesspagn happi birthday girl"
"1	congrat helixfootbal big win knock previous undef st augustin scotti still fight battletest"
"1	cinnamon toast crunch might favorit food ngl"
"1	sdes17 send rachel demita birthday https tcoewgluh9vuc"
"-1	tempt fuck around go get like pierc help"
"1	one day want danc like micheal dameski hes honest best male dancer ive see"
"0	quickieleak pakistan foreign polici decis make power lie ghq foreign ministri"
"0	invasorzim5 hear name come would cool choic interview though c https tcownmf65x8c4"
"-1	dawg realli dope"
"-1	imag singlehand kill https tcomqvsxethkl"
"0	omg thank need new one"
"0	smile deck posit vibe crew venicini_im_da_gr8_1 pop wildpitch housemus https tcoppcuh23dmo"
"-1	michael dameski win worldofd jensen arnold win sytycd watch show make mad"
"0	tryna uber eat"
"0	haileybassxx imi hale"
"0	myrkitti actual texa https tconiejqvutl8"
"-1	everi time read innoc live brutal take away senseless gun violenc heart break https tcoiylsfi0pk6"
"0	andrewastor j3lly_r6 laman2468 bo4 right hop yeah"
"1	big congratul natur boy ric flair say whoo love new bride long tim https tconxgovmltfg"
"-1	dumb https tcotfikatrse"
"0	donald trump day far paul manafort plead guilti agre cooper everyon robert mueller wi https tcobswlcggmji"
"0	look pictur ryan colleg year ryan idk let see hairlin"
"0	wow miss disney pass"
"0	izarov tribelaw dreamer"
"0	lexce face though"
"1	best gift world superman furyus dccomic manofsteel krypton superhero leather jacket model https tcobd5i2oxgut"
"0	bricobos1"
"0	man kid jonathancochrum https tcod31lufuqh4"
"0	realmuckmak noth person busi https tco4adbokzalo"
"0	ashantigholar ayannapressley everi issu everi fight janetmillsform lead way https tcoky8ugsu4yd"
"0	notcomf fiiiiiiiiiiiiiiin goodnight mommi"
"0	know go die enchilada fire"
"0	dfr2 long town"
"-1	hollyanderson tri read tweet aloud gf yell franci even finish uh chapeaux"
"1	c_v foo fan go get along great"
"0	ignor educ"
"0	iivid omgitsluiz kkharris_ wait hello"
"0	jamiebadu get link homecom"
"1	wow crazi get hire work clovi unifi school district today"
"0	understand tweet deleg quick would someon pleas splain"
"-1	gtconway3d scari"
"0	sure plenti fake peopl would say serious hope true like friend would call"
"0	girl first girl girl kiss front boyfriend need go home instead shenanigan"
"1	love"
"1	amaz sex pass goodnight world"
"-1	treat dream like stepchild"
"0	torybelle27 come home soul sis https tco3fqjgs4ran"
"0	brianefallon exact happen anita hill btw joebiden still wait public apolog https tco5hhlshstei"
"0	ya llego la gran movida de art de los angel hollywood shortnsweethollywoodtf theatr hollywood festiv https tcoceigjp8iex"
"0	like say eminem bar sound like break room joke terribl attempt witti subpar wordplay"
"1	wellll im proud go put"
"-1	felt realli unpretti today insid amp"
"0	go state school pussi trash"
"-1	wait em respons sooooo worth tell"
"1	jimmdottt cuuut"
"0	problem go soon end"
"-1	get break dim ass reason gucci cater everyon nobodi cater"
"0	remind take ref sheet commiss"
"0	gizz look pictur gizz look like thing one movi train dragon gi https tcogxiviiarkf"
"-1	creator_cj jimcarrey trump dumb dumber"
"0	incompet magic"
"0	cindyvfit4ev yeah ig"
"1	justbrianna__ like fine lmao"
"0	kglizzyinnacut say one say wish biolog hair like mine"
"0	boyfriend pour water mouth water girlfriend"
"0	comedi obama send 17 billion iran colleg year seal geographi https tcowoo2b5lioz"
"0	reo speedwagon time fli https tcojyz0g9gz2h via youtub need relationship counsel https tcophvtbydrbk"
"1	think like might life like put pride side let love lead way 6lack"
"0	brahim_athi 50cent eminem obvious listen lyric brahim_athi amguess earli https tcockkpgvqsdz"
"0	mookyluv2 lynda424200 list name ca n tell talkin bout yo"
"0	unknownlawkid workin yo bitch ass tho"
"0	mookyluv2 lynda424200 list name ca n tell talkin bout yo"
"0	ryan_kelly70 mani time sayin dis ps keep em come lunchmeat"
"0	want play black beta xbox add johnpeterswag"
"1	thank rip eyelash prom lt https tcoxunfluciju"
"0	prettyboyview turn nativ"
"0	_mariocarrillo_ parscal erictrump realdonaldtrump hate know traitor"
"0	becca_durrr get ankl"
"0	even want think right let us get high reach new high"
"0	first time sinc america progress health insur stall https tcooqppyipqzb"
"0	860slick right lmao start call type shit reason lmao dead"
"0	live dj night featur music 90s today hit see plankoakland https tcongburd1njv"
"1	get home see thespywhodumpedm bargain theater hyster stomach hurt laugh lov https tcoar9hvf2m4j"
"0	recogn face ramfam abovethelin"
"1	niec make happi"
"-1	2strokety_ shut nigga"
"-1	nigga zilla get"
"1	thank caden love"
"0	https tco4wc4h97yfq mr kavanugh comfirmuntil complet investig doneeveri woman shoul https tco92lzj0okak"
"0	fact set feet make hell throw wild bro"
"1	high pet cat size like largest dog breed would cool like https tco2kaufmcswz"
"1	fr trynna happi"
"0	odd ball"
"1	wxwoc proud keya"
"0	james2012 jaredvc elusivenew healthrang think take nap judg ageist https tcoh8sd94gtzb"
"0	salstrang use litter box"
"1	wxwoc proud keya"
"0	lmfaooo pictur soulamazing_ka jayno_cap cop oz shit act fool live roo https tco7loohtc4v0"
"0	mean order food"
"0	well drive https tcot7cn2t02dm"
"0	relat novic design still blow mind see idea drill prop etc field"
"1	wow lot old friend come back life littl weird"
"0	iamleahmason oooh get harri potter person"
"1	33 myttour calum5so miss buddi"
"0	btw rutger blow kansa tomorrow"
"-1	merchbagg fuck bro"
"1	danrath happi drop star war refer hamillhimself would appreci"
"0	juansfit bear way lol"
"-1	realli car alon cri 6lack"
"0	look mirror"
"0	think good somehow back start"
"1	birthday mood"
"0	deadass cus influenc pose walk live depend"
"0	word"
"0	nbcday deidrehal rough watch storylin week real close home"
"0	manpreezy_ get flip coupl ounc imma cop"
"1	jiggyashley love bro one"
"-1	negat"
"1	bravenakblog bubblegenius hope feel better soon"
"0	kylegriffin1 hero mazi hirono ask long line question bout hawaii ultim alaska nativ right"
"0	patient wait"
"0	nigga sell get dam cortez"
"0	magic epcot walt disney world https tcoucmkms2s6l"
"0	sing tomorrow today real liter tomorrow"
"0	sam_not_samula ill come join"
"1	final see mean live"
"0	realli take poll general consensus tonight rock thank make https tcowbo8id9nxq"
"1	humbl honor one ten outstand atlanta honore tonight induct ceremoni togeth https tcozelxvauq0j"
"0	show star"
"0	thunderbird even qb keeper wohler halfway second quarter kpz"
"0	okiegurl67 messag pleas"
"1	johnthomp55 goodn"
"1	perfect weather pm let festiv begin"
"-1	plus break go trip fuck stress"
"0	mexmeow doll kill"
"-1	can2geterdon potus long term nike product christna"
"1	cours rep tbsoffici set today rip bless see em twice summer"
"-1	bout say fuck open window heat cut"
"0	write tiller https tcodaedkljxub"
"1	anyon want come amp make kahoot play amp eat cereal"
"0	ritawirtz rock https tcoualrepijza"
"0	gourdnibl produc get make thing look fierc new anchor get boss use di https tcohyvqfjq9go"
"-1	hate complain shit fuck suck"
"0	thug rich homi undef combo"
"-1	damn hungri hell think cooki cream ice cream"
"0	andylassn ugh thank"
"0	rememb join twitter mytwitteranniversari https tcovmlgamn9aq"
"1	run see liz phair bc late scream along extraordinari find spot saw pussi riot felt cla https tcowgq7o1jc0x"
"1	bb_updat christ look like sexual predat pictur shoe fit though https tcoqqvfp7j1u5"
"0	ali_b_ think https tcou4hm0nmbd"
"0	pretti sure french song play atyp sell"
"1	david_creswel honest need kind encourag"
"1	front bottom make think front short dog thank blairbraverman music good quit tast"
"1	thereal_adam13 xbox regret lol"
"0	g"
"0	know im capabl"
"0	sweati hungov mf"
"0	digabl planet need groov chill bite want move discov https tcom4novvgosa"
"-1	definit reach know okay"
"0	clarembe brandon_r_young hot"
"1	lpphotoandesign palmettoridgeh never get tire never"
"0	wander minut come back radic stage cypress hill play black sunday rever https tcouvfpyuywtk"
"0	happen first produc gig long night folk littl someth special patreon https tcognkmm7yufu"
"0	boo send snap earlier today plan fight tomorrow"
"1	petecarrol happi 67th birthday great day https tcody29i8xpjb"
"0	michaelavenatti mueller may get michael"
"0	ass"
"1	ayoo_its_ro thank"
"0	get shawti l"
"1	home v good day riotfest get sleep bc old see tomorrow"
"1	mikehb681 tri go everi year basic happi place lol"
"0	tweet"
"0	take see pictur kardashian babi girl make want child right"
"1	happi bday love bro love play _will_maxey"
"-1	iphon xs max much say"
"0	pilotcristob undeni talent"
"-1	_dolomyte_ witti respons apolog"
"0	reapergrim2012 may sure link"
"-1	want home back"
"1	joe_webb_15 proud"
"1	never nigga"
"0	justbrad need pull"
"0	pi chapter good suni new paltz https tcojdxn8wx7cj"
"1	happi birthday bae day begin wait turn datboyjohnson17"
"-1	crap"
"0	honest take everyth back ur bear bitch peopl make one"
"0	eminem look lot like dude movi mile"
"1	jumaanewilliam deepest respect thank man"
"0	anoth day foreverfit offic go foreverfit client workout foreverfit nutrit email faceboo https tcorqjfyvvgro"
"0	espnstatsinfo guess robin yount year old hit homerun mlblive"
"0	claressashield lion heart"
"1	happi"
"0	coupl think weekend leav anim behind hurrican fuck b go https tcoclj7xwsucj"
"0	oh junior fli pay fuckin rent"
"-1	lmfaoooooo punk ass xbox nigga https tcosersie5lsc"
"0	rocroyalshawty1 ivani uk relax partna"
"1	tell tyler miss"
"1	loadedglovesnyc love"
"0	look someon rise color glass red flag look like flag"
"0	live past ad present"
"-1	bigsant ahhhh shit freekaleek"
"1	prehab212 lol thank"
"0	ange_amen sker4lyf magi_jay ericbogan12 hahahahah ego trip liter say could stand learn adm https tcomr5dd69guu"
"0	mom neighbor drink sing hella jenni rivera song lmao"
"1	amaz first night men retreat god show worship power pastor tim bring https tconibmznovkf"
"0	bangnswang mani time beat wager"
"0	marajyn kinda look forward stick soft cap light tho"
"0	taylorfalat macymartin01 oml taylor lose"
"0	ppl food stamp card lose cracc head dey pay uncl sometim stamp dey blowin jac https tco3wae7yvay"
"1	great thing bibl https tcohv0cnf9uaq"
"0	f505eb72b9cd493 pault426 jonrog1 anyth possibl"
"0	could use blunt right"
"0	chestnutski etherealyehet weareoneexo take gut post one"
"0	bay area kid fuckin dancey"
"-1	eat today saw play ridicul"
"0	watch forens file peterhouk funfriday even old tv confess dec https tcopkf2ujffrb"
"0	reason call killshot killshot"
"0	still bangin year request even though keep rotat crystalwaters1 https tcoyzopbvxgdl"
"1	plantflow cuz f n smarmi"
"-1	watch run shit way tf"
"0	light rn"
"-1	mimosa_mami__ feel exact way lol nervous wait ion wan count neither"
"0	bishop gorman get snap final play"
"0	vandegrift trend austin https tcove5qp6tyra https tco2o6lijmznz"
"1	_glitterati_ myrtle_su mikasa_chilosa would fun"
"1	fantast southern food pacif northwest southern cocktail cornbread junebabi https tco1z9acvxlmd"
"0	therunningmanz fri"
"0	tayystrickland leav toddler alon even second"
"-1	wah fruit dat banawna"
"0	say dire time need sign appear"
"1	game day let us go"
"1	make promis momma bless grandkid spoil em"
"0	crizanetti78 box offic mate go night morn show"
"1	danmarino happi 57th birthday great day https tcopougdjmte5"
"-1	oh god take everi type transport get home"
"-1	wall cambridg actual kinda damp piss shut ac bc caus moistur betwe https tcoytfrtlml8"
"0	adam get fin"
"0	wonhhobi ps dad download"
"0	book appoint today ezrepost nail nailart nailpolish nailporn makeup lash microblad https tcohl3auve5k7"
"1	right leav club get food"
"1	htc_kyliep hey kyli want take second say congratul 6k follow awesom amazin https tcompkxcaqnah"
"1	love greyhound https tcoourivtijhj"
"-1	skin finna look like leather fuckin"
"-1	judicialwatch booker need kick senat"
"0	procrastin week professor take rough draft give week"
"0	vip el ojo think world unsolv mysteri"
"1	babi great 2nd birthday forget take pictur cooki toy get love https tco9iimaelc5a"
"0	yucca flat saddl blanket need say yuccaflat thewildflowerranch cowboysdownanddirtytwr califor https tco5dhys2mxp"
"0	tfw someon sell cello tempt even play cello"
"0	drink 3pack today noth"
"0	pup jamesrahendri boxormoney safaril https tconv67jys3sd"
"1	would love fee water whenev want hand hold crutch stair bitch whatev"
"1	man selfi appl juic phone case shirt legend"
"-1	manda_crow actual fly michigan go cri miss bitch"
"0	dynastyfe matthewberrytmr lol trade yahoo leagu regret"
"1	hugheslife18 beauti watch woman love craft"
"0	shanteba groovybruc celebphotoop fandemictour yes girl"
"0	small world outchea dude"
"1	janysaaa love jenn"
"0	say big radio do"
"-1	well fuck shit"
"1	tinta_mint best wish assign"